artist_name,country
Matuê,BR
Clayton & Romário,BR
Danna Paola,Mexico
Fabbio,ES
Bloody Civilian,NG
buffalo,US
Sierra,United States
Mawelele,ZA
Bandaga,ES
Dj Money Willz,India
Bello Figo,Italy
Pango,Thailand
Strandz,GB
AI,JP
HWASA,KR
Hannah Laing,United Kingdom
Eito,JP
WŁODAR,Poland
Eugenio Esquivel,MX
Prabh Singh,CA
Salvador Da Rima,BR
Cherrie,SE
Zeamsone,PL
Djadja & Dinaz,FR
Childish Gambino,US
陈村长,JP
Wiz Khalifa,United States
Cash Flow,US
Neo Pistea,Argentina
"JQ ""The #1 Contender""",PR
Shirley Setia,New Zealand
Tom Gregory,United States
MC Mirella,BR
Keith Urban,AU
DIVINE,GB
Keen Levy,JM
Miksu / Macloud,DE
Hiten,Taiwan
noa,IL
Younha,South Korea
Oimara,Germany
Lil Zey,Turkey
Tati Zaqui,BR
TOPIC42,DE
goddard.,United Kingdom
shytaupe,JP
Ekipa,PL
El Turko,Argentina
Dardan,DE
Anuel AA,United States
BigMama,Italy
Glass Animals,GB
Galantis,SE
Bas,US
Wyguś,Poland
JACKBOYS,US
Crayon,US
Joyner Lucas,US
고추잠자리,KR
Naod,SE
Clave Especial,MX
Brando,Italy
Ivy Queen,United States
01099,Germany
Dawid Narożny,CZ
CamrinWatsin,Ireland
Harry Styles,United Kingdom
Leśny,PL
Gigi Perez,IT
Capo Plaza,IT
Doğukan Sarıtaş,TR
Lington,US
Gusty dj,CH
Mabel Matiz,Turkey
Awesome City Club,JP
C. Tangana,Spain
Louane,FR
Kalmi,India
Ziynet Sali,Northern Cyprus
Afsana Khan,India
Eddy Lover,Panama
Kunaal Vermaa,India
Ezhel,TR
Senex,PL
YAKARY,DE
Oğuzhan Koç,TR
Buni,GB
Motive,South Korea
Blaqnick & MasterBlaq,ZA
uMehlabomvu,ZA
Hooligan Hefs,AU
Mina,IT
Don Toliver,US
Hamza,BE
Ke Personajes,AR
Julieta Venegas,MX
Zach Bryan,CA
Dominic Fike,United States
IIVEN,DE
TeeDee,GB
Skillz,United States
THE ANXIETY,GB
Artie 5ive,US
po prostu Kajtek,PL
25K,South Africa
SwitchOTR,GB
j-hope,GB
Harshavardhan Rameshwar,IN
La banda de Carlitos,US
La Húngara,ES
Dvicio,ES
Jay Wheeler,US
BENNETT,US
Göksel,TR
Pritt,GB
CAO$,JP
Martin Solveig,FR
EL NOBA,AR
Young King The Vocalist,US
Belanova,MX
Pedro Calderon,MX
Prashant Ingole,IN
Jolyon Petch,AU
Tuna Kiremitçi,TR
KANGDANIEL,KR
MC Smith,US
ÉaBest,BR
Vishal-Shekhar,IN
Deno,GB
SUICIDAL-IDOL,GB
Tebza De DJ,ZA\
Arslan Nizami,IN
Edvin Törnblom,SE
Barth,FR
Leo Rizzi,FR
Robin Bengtsson,SE
Joshi Mizu,AT
Alonzo Cortes,FR
Tribbs,PL
Renn,EC
Mateo on the Beatz,GB
CIZA,ZA
Polo G,DE
070 Shake,US
Hov1,SE
Mark Ronson,GB
Eryk Moczko,Poland
Fer Palacio,AR
the garden,GB
Sampagne,DE
Abraham Mateo,ES
Amadeusz Ferrari,FR
Miggy Dela Rosa,GB
Red,US
Intense,GB
Onda Sabanera,AR
Phatrax,PL
manifest,GB
Audiocrackerr,IN
Oliver Anthony Music,DE
THE SCOTTS,GB
Modo Diablo,IT
FKA twigs,United Kingdom
Claudia Valentina,GB
Nko,IT
Shilpa Rao,IN
1.Cuz,SE
Qwabe Twins,GB
Chappell Roan,US
Sayf,Italy
Burak Bulut,Turkey
Fuerza Regida,MX
NSTASIA,US
Cheztom,CO
Ch'cco,ZA
Central Cee,United Kingdom
Rag'n'Bone Man,United Kingdom
ONE OK ROCK,JP
BelloM,ZA
Alemán,AR
Kacper Blonsky,Poland
Rich Music LTD,US
Amir,Italy
Axolotes Mexicanos,ES
Rethabile Khumalo,ZA
Fall Out Boy,US
ZetHa,PL
DJ BLACKOUT,CH
42 Dugg,US
Denden,FR
El Papi,US
Kartonii,Poland
Margaret,CA
lIlBOI,KR
Adi Nowak,PL
Taylor Swift,US
Maikel Delacalle,ES
Kenya Grace,GB
MoStack,GB
Luíza & Maurílio,BR
91 All Stars,FR
Mark Ambor,US
Bazzi,US
Like Mike,GB
DJ JOÃO PEREIRA,PT
Un Poco de Ruido,US
ImbongiYosizi,ZA
chiello,IT
WIU,BR
Jay Trak,US
OneRepublic,US
Soulja Boy,US
Maurycy Żółtański,Poland
milet,JP
Ebru Gündeş,TR
Boladin 211,BR
Buscabulla,PR
Ranger,US
James Arthur,GB
Pa Monday-Edo,DE
Fard,DE
Baby Gang,US
Heijan,TR
Latto,US
BoA,KR
budzik,Poland
Shaun 101,US
DJ Léo da 17,BR
The Lowkeys,GB
Daliwonga,ZA
Linkin Park,US
Blue Pappi,US
Luis Mexia,MX
Eddie Brock,US
VINAI,IT
Dj Obza,ZA
John Mayer,US
Night Skinny,CA
Malaysia Vasudevan,Malaysia
Kemy Chienda,ZA
DJ Oreia,CH
galewings,UNKNOWN
Laddi Chahal,India
Ajaxx,BR
HUMBE,MX
Pryme,Nigeria
Ms Nina,US
Hailee Steinfeld,US
BANDIDO,MX
Léo Santana,US
Henry Freitas,GB
Ajey Nagar (CarryMinati),IN
Zenab Fatimah Sultan,PK
Jeck,GB
Bryce Vine,US
maszaitsme,Poland
WoLa,Poland
L2B,FR
187 Strassenbande,DE
Kenan,TR
Plan B,GB
MC G15,BR
PeeKay Mzee,ZA
Anzo,ZA
Shablo,IT
Oscar Mbo,CA
MC Kekel,BR
DJ CZ,CH
Moha La Squale,FR
Luan Pereira,BR
timelesz,JP
Intaba Yase Dubai,ZA
Gottastral,Poland
SUPER-Hi,GB
Rascoe Kaos,ES
ArrDee,GB
A$AP Rocky,US
Guzior,PL
Linh,CA
Elvirgo,ZA
Sound Of Legend,FR
Kidd Voodoo,CL
Sorriso Maroto,BR
P3GI-13,Sweden
DJ Lucas Beat,BR
Bonez MC,DE
Aparshakti Khurana,IN
DJ Latimmy,ZA
DJ Menezes,CH
Al Safir,US
Freddy Gladieux,DE
De La Rose,PR
Klara Hammarström,Sweden
Loui,PL
Caio Luccas,BR
Nahir,France
Dargen D'Amico,IT
Venom Valentino,GB
Nakash Aziz,IN
Arko,IN
Kargo,TR
DJ SOL K,US
Bedo,TR
Marvin Gaye,US
Musa Keys,US
RB030,DE
Robleis,AR
David Guetta,France
Gambi,FR
Ceza,TR
Sammy & Falsetto,PR
Federica Carta,IT
La Duraca,United States
Temple Boys Cpt,US
Mc Gabzin,BR
Ahn Byeong Woong,KR
Naldo Benny,US
Lars Winnerbäck,Sweden
Tyler ICU,GB
back number,JP
Natalia Grosiak,PL
Angelique Kidjo,BJ
Sheridan,Brazil
Original Elias,BR
Dynoro,LT
NATHY PELUSO,ES
Sacky,Italy
Lady Amar,US
CHANGMO,KR
Cali Y El Dandee,CO
Thabza Tee,ZA
MC Koringa,Brazil
Yami Safdie,AR
Guerra Neto,DO
Marc Anthony,DE
Ferdi Özbeğen,TR
MHD,FR
Red Velvet,KR
Stephanie Beatriz,US
Newkid,SE
Jøtta,EC
Roisee,US
Pusher,CA
Gary Yang,GB
CrackHouse,FR
Roc Boyz,US
Petter,SE
Caiiro,ZA
Os Parazim,BR
Alphaville,DE
Masoom Sharma,India
MC BN,BR
Nobantu Vilakazi,ZA
K Koke,GB
Leto,FR
Greg Kurstin,US
ShaunMusiq & Ftears,ZA
Lasmid,GH
Stabil,TR
Bolémvn,FR
Eiffel 65,IT
Aleyna Tilki,Turkey
Ant Wan,Sweden
Tego Calderón,PR
Sbuda Maleather,ZA
NAZAKEBLACK,FR
Bora Duran,GB
Lola Young,CA
Max Gazzè,IT
Emotionz DJ,CH
LX,DE
Lazza,IT
Rionegro & Solimões,BR
Tabber,KR
FP do Trem Bala,BR
Reigan,AU
Dove Cameron,US
Victony,NG
FIFA Sound,JP
Gipa,ZA
Madhubanti Bagchi,IN
Sameera Bharadwaj,IN
Bagua Records,JP
Fafá de Belém,BR
Mister V,US
DG IMMORTALS,India
Ernia,IT
Gülşen,TR
Shawty,US
Kortez,Poland
Nueva H,US
PNAU,AU
Daniel Caesar,CA
22simba,IT
Abel Balder,NL
Umashotana,Nigeria
Pepe y Vizio,ES
DJ Matt D,BR
Ricchi E Poveri,IT
Ptazeta,ES
ACRAZE,US
Bakar,GB
Frej Larsson,SE
Luke Combs,US
Shebeshxt,South Africa
Schürze,DE
QuayR Musiq,US
Fasma,IT
Anders Bagge,AT
Oil Beatz,AU
Şanışer,TR
Premixm,PL
Yalın,TR
Kaz Bałagane,PL
Fuego,US
CLARA,BR
Sarettii,SE
Deys,PL
Juanpa Salazar,MX
Virtual Flavor,ES
PSICOLOGI,IT
Mluusician,ZA
Reni Jusis,PL
Dj Aladin GDB,CH
Kofs,FR
Rusina,Poland
Basick,KR
Buddy,US
Set Off,US
Rauw Alejandro,PR
Dani Fernández,MX
Charli xcx,GB
Brenden Praise,ZA
Major Lazer,JM
Kaka,DK
DJ Kap,CH
Arcane,UNKNOWN
MC Paulin da Capital,BR
Poly,UNKNOWN
Ceg,Turkey
Quebonafide,PL
47ter,FR
Sweyway,SE
Manu,CM
XG,FR
Florida Georgia Line,US
Tomine Harket,NO
Ayo Maff,Nigeria
Atomic Otro Way,Dominican Republic
CKay,NG
Borucci,PL
Pablo Chill-E,CL
Filipe Ret,Brazil
KUMMER,DE
JEY BROWNIE,CD
Sayian Jimmy,JM
Killorbeezbeatz,ZA
Abou Debeing,FR
10CM,KR
Project Pat,US
Ulf Leo Sommer,DE
AMK,United States
Kamufle,TR
Munawar Faruqui,IN
Stress,CH
Tom Walker,United States
Bonn,SE
Mc Menor DN,BR
La Rvfleuze,FR
Tayc,FR
Piotrek Lewandowski,PL
Enrique Iglesias,ES
DJ Kawest,FR
VC Barre,Sweden
Dj Kiire,MX
Luv Resval,FR
Grupo Maximo Grado,MX
Las 2K,ES
IZ*ONE,KR
ATE,ZA
Khalid,US
RM,KR
Prynce,DE
KILATE TESLA,NL
Mc Pedrinho,BR
De-papzo,GB
Boro,IT
Wiatr,Poland
Link do Zap,BR
Totoy El Frio,CO
Gwangil Jo,NO
Stallin Matsitsa,ZAs
İkilem,IT
Big Sean,United States
YU-KA,Japan
Jone Quest,PR
Rsko,FR
Zeynep Bastık,Turkey
Nathan Evans,DE
Ryu,United States
Mafia Mike,GB
nayt,IT
Pezet,Poland
Kaushik-Guddu,India
MK Productions,US
Maurin,IL
DJ TS,CH
Matteo Romano,Italy
Nicky Jam,US
RoseReal,UNKNOWN
Rihanna,Barbados
Calum Scott,United Kingdom
Pilar Moxó,CZ
Xamã,Brazil
Kweyama Brothers,US
Manu Manjith,India
Duke Montana,Italy
Macias,FR
Los Pleneros de la Cresta,PR
A.R. Rahman,India
Sebas,EC
Doda,PL
Tropa da W&S,BR
Tekmill,Turkey
Amo,JP
DJ Angelo,US
K-391,NO
Phyno,NG
Veiga no Beat,BR
Cristian Di Marco,UNKNOWN
Matheus & Kauan,BR
Dream Supplier,UNKNOWN
Rich Amiri,United States
Saweetie,US
MC Ingryd,BR
Favst,Poland
Santa Fe Klan,MX
Kayah,PL
Montiego,IR
Sidhu Moose Wala,IN
Daft Punk,FR
MC Menor JP,BR
L-Gante,Argentina
NGEE,DE
Nia Pearl,US
Pooja Saxena,IN
Sharn,India
DJ Guti BPM,ZA
Yanda Woods,US
Sorry Boys,US
Arcángel,PR
DJ Luian,PR
Peso Pluma,MX
GULEED,SE
Emis Killa,IT
Arz,United Kingdom
Farruquito,Spain
Eslabon Armado,US
Surya Ragunaathan,UNKNOWN
Tony Kakkar,US
Konke,UNKNOWN
Olivia Dean,US
Offset,US
QWER,KR
Kauta,UNKNOWN
Petter Ferraz,SE
Jere Klein,CL
Wroobel,PL
Jack & Jack,US
1986zig,DE
Luna,JP
Ammy Virk,India
Shenseea,JM
Airbag,ES
Ulises Bueno,UNKNOWN
Banx & Ranx,CA
Ice Spice,US
Lolo OG,AR
Lewis Somes,US
sanny,UNKNOWN
Pedro Lotto,MX
Forxst,UNKNOWN
LACAZETTE,DE
Souly,DE
Tiger Hu,GB
Wes Nelson,US
El Mago Y La Nueva,UNKNOWN
攬佬SKAI ISYOURGOD,CN
Weeekly,KR
AR刘夫阳,JP
AUDREY NUNA,US
slowez,UNKNOWN
fire hair,US
Priya Saraiya,India
Kwesta,ZA
MOLIY,US
Igow,BR
Rafonix,PL
Denz,GB
De Mthuda,ZA
João Bosco e Gabriel,US
Halodayı,UNKNOWN
Dj Lekusto,UNKNOWN
Kabza De Small,ZA
Endzone,Switzerland
Leellamarz,KR
Umketule,UNKNOWN
Mckdaddy,KR
Rana Sotal,UNKNOWN
Greg Taro,DE
Paul Russell,Kingdom of the Netherlands
The Mamas,GB
Avie,UNKNOWN
Macfowlen,UNKNOWN
Teddy Cream,GB
Enes Batur,TR
Alfa,Italy
Otsochodzi,PL
Bianca,DE
MILES,US
Murtuza Khan,UNKNOWN
Humberto & Ronaldo,BR
Nogizaka46,UNKNOWN
Skytech,UNKNOWN
BLANCO,DE
i wanna be a jack-o-lantern,UNKNOWN
Grupo Codiciado,MX
Lebzito,UNKNOWN
Dallass,BR
Lunis,FR
NESS,Austria
Honaiser,BR
Sia,Australia
Michał Żagan,UNKNOWN
Nomcebo Zikode,ZA
Loco,South Korea
Fred De Palma,IT
Delilah Montagu,GB
Ego Slimflow,UNKNOWN
Francesco Gabbani,IT
WIKTOR,PL
Ka-Meal,PL
La Nueva Escuela,UNKNOWN
LA Vision,Italy
Kane Keid,NL
Thiago Brava,BR
Elvish Yadav,India
King,US
Aymo,UNKNOWN
El Gudi,UNKNOWN
Ayox,Nigeria
Dj Kevin Oficial,US
MC Kapela,RU
Jay Music,US
Yanomi,UNKNOWN
Jessi Uribe,CO
Lucio101,DE
Lolloflow,IT
Thomas Stenström,SE
LUM!X,AT
Seven Kayne,Argentina
FAYAN,UNKNOWN
LiSA,JP
Ikke Hüftgold,DE
A.M. Turaz,UNKNOWN
Asake,NG
Nicky Youre,US
CORTIS,KR
Omit ST,NZ
Juacko,Spain
Supernova Ent,UNKNOWN
DJ Stokie,UNKNOWN
Fanatic SA,US
Rvfv,ES
Sebastian Yatra,DE
Mc Dena,RU
JAS,Kingdom of the Netherlands
SVM!R,US
CBW,UNKNOWN
Tems,NG
Jul,FR
Slidoo Man,JM
Turma do Pagode,BR
Brent Faiyaz,US
Nitesh Ujoli,UNKNOWN
Soge Culebra,ES
Sublahshini,India
Sophie Ellis-Bextor,GB
Chael Produciendo,UNKNOWN
CYRIL,FR
Victoria Monét,US
elaggume,UNKNOWN
The Walters,GB
DJ Tira,CH
BENITO,ES
Petit,FR
Norma Jean Martine,GB
DJ Dael,CH
Beret,ES
Tenxi,ID
La Mosca,AR
NDS,IN
JJ Lin,US
Dat Boi Dee,IT
Medina,DK
Mari Fernandez,MX
GISELLE,AU
Veysel,DE
Kygo,NO
Lyna Mahyem,FR
JHAYCO,PR
mc jhenny,UNKNOWN
Yei Gonzalez,SE
Luxury SA,US
Arash,SE
Papu DJ,CH
zzoilo,ES
ILIRA,CH
Sebastian Walldén,DE
Lennis Rodriguez,ES
Paco Amoroso,AR
Kate Bush,United Kingdom
Flex,PA
Kollegah,DE
Megot,UNKNOWN
Au/Ra,AG
Johnny Drille,US
iam.psalm,UNKNOWN
M.O.M,UNKNOWN
Cheque,NG
Talita Mel,US
MC Menor da VG,UNKNOWN
Vigiland,UNKNOWN
Emtee,ZA
Kalben,TR
Topic,DE
Sushin Shyam,India
Zaba,UNKNOWN
Don Chezina,US
Dan Caplen,GB
Shift K3Y,GB
Shadab Faridi,IN
Vijai Bulganin,India
Javiielo,UNKNOWN
ADI,SI
Le classico organisé,FR
DJ Ivis,BR
Chicco,ZA
Ntò,FR
Robert Miles,US
Black Sherif,GB
Mata,BA
La Receta,UNKNOWN
estraden,SE
Yıldız Tilbe,TR
Sokrat St,TR
Farruko,PR
Stephen Sanchez,US
5iftyy,SE
Naiara Azevedo,BR
Oskar Linnros,Sweden
Chris Marshall,GB
JeanJass,BE
Berkay Altunyay,TR
Gory,IT
Sai Smriti,UNKNOWN
Ege Balkiz,UNKNOWN
GOT the beat,GB
The Vamps,UNKNOWN
Dance Fruits Music,UNKNOWN
Tiwa Savage,United Kingdom
DJ Biel Divulga,UNKNOWN
Desi Crew,US
Key-Key,HN
DELLAFUENTE,ES
Chani Nattan,UNKNOWN
Dinky Kunene,UNKNOWN
Lomepal,FR
KyoungSeo,KR
Magixx,Nigeria
Kay One,DE
Mila,BD
Cazzu,AR
J Hus,GB
Vanessa Paradis,FR
Taiu,AR
Krzysztof Zalewski,PL
Shakes & Les,UNKNOWN
Vargas & Lagola,SE
Paul Rey,US
DJ Zinhle,ZA
Drast,IT
De Vet Du,SE
SiarBeats,UNKNOWN
C ARMA,FR
Naykilla,ID
Mez,UNKNOWN
Dennis,JM
ARIETE,UNKNOWN
DJ 2F,CH
Kerchak,FR
Ana Castela,BR
Dj Serpinha,CH
Pop Smoke,US
Joaquin Medina,ES
Avvy Sra,UNKNOWN
THABITI,FR
SPINALL,UNKNOWN
Thapelo Ghutra,UNKNOWN
Yorghaki,UNKNOWN
MYA,US
Måneskin,IT
JSDK,UNKNOWN
1da Banton,NG
Karun,UNKNOWN
Yung Yury,UNKNOWN
İbrahim Tatlıses,TR
La Dinastia,UNKNOWN
Stevie Appleton,US
Mthandeni SK,ZA
S.N.E,UNKNOWN
stickxr,PL
Zhus Jdo,UNKNOWN
d4vd,US
Mc Pogba,BR
Dayvi,UNKNOWN
Pinky SD,US
Mac Miller,GB
Lambo Drive,UNKNOWN
Kizzy,NL
Stunna 4 Vegas,US
Vance Joy,AU
Neckwav,UNKNOWN
Los Esquivel,US
COLORS,US
Theo,Italy
Eltee,UNKNOWN
Vishal Dadlani,IN
Pheelz,Nigeria
Meghan Trainor,US
Duffy,GB
XATAR,DE
Hanumankind,IN
FiNCH,GB
Zlatan,NG
EeQue,ZA
Dj Darge,UNKNOWN
İrem Derici,US
IAM,FR
Gabriel Diniz,GB
Pressa,Canada
Freeze corleone,FR
B4TU INC.,BE
Mecna,IT
Odys,UNKNOWN
Janieck,NL
Lali,UNKNOWN
GLK,FR
El Bobe,ES
Diyar Pala,UNKNOWN
Josefine Götestam,DE
DJ KSB,CH
Luude,AU
ZAH1DE,DE
DnoteOnDaBeat,UNKNOWN
Yung Ouzo,TR
Krono,FR
Jamule,DE
VTR,IT
GAMMAL,UNKNOWN
KOSTA,SI
Piso 21,CO
BBD Korosu,TR
DJ Tshegu,CH
Ellie Goulding,GB
Pawan Singh,IN
CHUNG HA,KR
Ayanda Art,US
Ray Dalton,US
marceli,UNKNOWN
Roberto Ferrante,BR
Ralphie Choo,ES
Ozbi,TR
Jessie Reyez,CA
Mohammad Faiz,India
Arkano,ES
equal,IS
RUXN,BR
Selena Gomez,US
Beto Sierra,BR
Rasmus Gozzi,Sweden
D-Hack,US
Noah Kraus,DE
Prateek Kuhad,IN
Khaled,DZ
Alexander 23,AT
Steel Banglez,GB
Oscar Ortiz,CA
Mkeyz,UNKNOWN
Skread,FR
La Kelly,US
Pole.,DE
Inno Genga,GB
Celo & Abdi,DE
Skandal,UNKNOWN
HAON,KR
Major League Djz,UNKNOWN
TO Starquality,UNKNOWN
1019,UNKNOWN
Sims Noreng,UNKNOWN
ECko Miles,US
POS,Nigeria
Chet Singh,US
Indiiana,NL
Calle 24,Mexico
Malik Dalasi,IN
Dimitri Vegas & Like Mike,BE
Foorin,JP
Megan Thee Stallion,US
Harnoor,UNKNOWN
Caio Passos,BR
LEE MU JIN,UNKNOWN
Omar Apollo,US
Yanga Chief,ZA
Laleh,SE
MeloMance,KR
Jassie Gill,IN
Bengü Beker,TR
The Greatest Showman Ensemble,UNKNOWN
Sheenam Katholic,India
Chanel,GB
Burna Boy,NG
Rio,DE
Beach Bunny,US
BENEE,NZ
Clavish,UNKNOWN
Federico Rossi,IT
Neto Peña,UNKNOWN
Superfly,JP
Larry,US
Coldplay,GB
Vłodarski,UNKNOWN
Blessd,CO
Nuqi,UNKNOWN
Paula Hartmann,DE
TR,CA
Hyce,UNKNOWN
GIULIA BE,UNKNOWN
David Kushner,United States
Rast,AZ
oddworld,DE
Alan Walker,US
Loreen,SE
Provinz,DE
Vishnu Edavan,IN
Makhekhe Jr,UNKNOWN
Oscar Maydon,MX
Ravyn Lenae,US
Pharrell Williams,United States
Nash,Germany
ZT (3x3),UNKNOWN
オレンジスパイニクラブ,JP
lohleq,UNKNOWN
Käärijä,FI
Ayse Hatun Onal,TR
B.R.O,DK
ETC Production,UNKNOWN
Harjas Harjaayi,IN
Mc Kitinho,BR
Mothz,IT
Laylow,France
Os Hawaianos,UNKNOWN
Arivu,IN
Kweller,US
JSX,FR
ThackzinDJ,ZA
Gandaganda,UNKNOWN
Offlei Sounds,UNKNOWN
Duha Shah,DE
DJ Japa NK,UNKNOWN
M4W,UNKNOWN
M Huncho,United Kingdom
Djy Biza,UNKNOWN
LEE CHANHYUK,US
Douglas & Vinicius,BR
Zan'Ten,UNKNOWN
Dongo,UNKNOWN
Mc Talibã,BR
M.J,GB
Lyanno,PR
YENA,KR
Y4ska,SE
Yandel,PR
Jireel,SE
TWS,KR
Mimi Webb,GB
Cochise,DE
Maes,FR
Riley Green,US
Victor Cibrian,MX
Fido,PR
Niro,FR
Udit Narayan,IN
Springle,UNKNOWN
Giusy & Elettra,US
FIFTY FIFTY,KR
ELIF,DE
LEA,DE
Prime Funk,US
Burcu Güneş,TR
Coco Palmer,GB
Noyz Narcos,Italy
Strecci,UNKNOWN
Pusho DJ,PR
Miley Cyrus,US
MAKTUB,US
Bengü,TR
Neffa,IT
Nicole Elocin,DE
Kumaar,IN
Ali471,DE
Sonny Fodera,AU
Selim61,UNKNOWN
Emina,TR
Massimo Pericolo,IT
Octavian,France
Pcee,UNKNOWN
EDIS,TR
Jugglerz,DE
Il Pagante,UNKNOWN
Mando Diao,SE
INDEB,UNKNOWN
Tombochio,UNKNOWN
Jaykae,GB
céro,UNKNOWN
BigXthaPlug,United States
Miguel Bueno,DO
Digga D,US
Dedublüman,UNKNOWN
Kizz Daniel,NG
Chase Atlantic,AU
Eminem,US
Sireesha Bhagavatula,IN
Cyrko,PL
Arc North,US
Grupo Recluta,UNKNOWN
Stryv,UNKNOWN
Marcy,UNKNOWN
Skroef 28,UNKNOWN
Mac Tyer,FR
Angel Dior,IL
DJ PH DA SERRA,UNKNOWN
Girls' Generation,KR
SSIO,DE
Thomy DJ,CH
SMU,BR
Mo-T,GB
Opiat,UNKNOWN
Eric Saade,GB
SAMY,DE
MC Braz,BR
Fran C,FR
Sam Fender,GB
Amaarae,United States
Hubert.,FR
KEVIN ROLDAN,CO
Alejandro Sanz,ES
Chamath Sangeeth,Sri Lanka
Mzukulu,UNKNOWN
DJ ESCOBAR,CH
Código FN,UNKNOWN
Munic HB,UNKNOWN
Sokół,PL
Dj Jaivane,CH
Bella Poarch,US
ONIKX,UNKNOWN
Huzaif Nazar,UNKNOWN
Quinten Circle,NL
Carolina Gaitán - La Gaita,CO
Miętha,PL
DJ Sammer,CH
G-SPXRK,DE
DJ Zigão,UNKNOWN
IVE,KR
Ramos.,GB
King Salah,US
El Completo Rd,SK
Libianca,US
2Point1,ZA
Oldilla,UNKNOWN
MC Bruninho,UNKNOWN
Benjamin Ingrosso,GB
Raga,NO
Gustavo Moura & Rafael,UNKNOWN
ARASHI,SE
EFESAVAGE,UNKNOWN
Matt Sassari,FR
Kleo,UNKNOWN
schafter,PL
La Roux,GB
Charlotte Plank,UNKNOWN
Infinity MusiQ,JP
Zartmann,DE
Alejo,United States
Juanfran,ES
Alawee,SE
JUNG,DE
Kazior,UNKNOWN
Chuyin,UNKNOWN
Kikimoteleba,UNKNOWN
Azmo Nawe,UNKNOWN
Amitabh Bhattacharya,IN
Sophia Somajo,SE
Skiibii,NG
Panda Black,GB
Melis Kar,UNKNOWN
Dido,GB
DYSTINCT,BE
Zalia,UNKNOWN
MC Fahah,BR
Fleetwood Mac,GB
Alvaro Soler,ES
Agus Padilla,UY
Chily,UNKNOWN
Dr. Dre,US
Hayley Williams,US
Takaya Kawasaki,UA
Gonzy,UNKNOWN
Linch,UNKNOWN
ROSÉ,US
Ram Sampath,IN
MK,US
C.Gambino,SE
Hariharan,IN
ZieZie,United Kingdom
DIREKTÖREN,UNKNOWN
Qry,Poland
BIA,BR
Budah,BR
Lele Pons,VE
Wegh,TR
Sosa La M,UNKNOWN
Emir Can İğrek,DE
ATLXS,IT
Melike Şahin,TR
DeVita,KR
Heize,KR
Bassie,NL
Beenzino,South Korea
Vasco Rossi,IT
Jorge,BR
Mela Bedel,TR
Mc Danny,US
Toledo,UNKNOWN
DTG,United Kingdom
emmanuellcortess_,UNKNOWN
Mustard,US
Wesh Music,GB
HUGEL,FR
LAVINIA,NL
Kyanai,Japan
Misokuhle,UNKNOWN
Szaran,PL
Mason,NL
Loud Luxury,CA
13 Organisé,UNKNOWN
Nobuhle,UNKNOWN
Oruam,BR
Grupo Niche,CO
Postirol,UNKNOWN
BL3SS,UNKNOWN
PAWSA,United Kingdom
J Abecia,ES
El Alfa,Dominican Republic
Amy Shark,Australia
NKSN,UNKNOWN
Beatriz Luengo,Spain
Annural Khalid,Pakistan
Guè,IT
MC Luiggi,RU
Young Jonn,CA
El Mas Ladron,FR
Lavish Dhiman,UNKNOWN
MC Tigrão,RU
KHEA,AR
DJ Henrique da VK,CH
Chuy Montana,UNKNOWN
Disarstar,Germany
YANII,UNKNOWN
Shiva,IN
PSR,DE
Dertay,UNKNOWN
Tchakabum,BR
Elaine,GB
Zee_nhle,ZA
Kenia Os,Mexico
Mondello'G,BE
Keala Settle,United States
Two Maloka,UNKNOWN
BIG Naughty,GB
Mxolisi Khumalo,UNKNOWN
Brodka,PL
MADE,JP
DJ Ak beats,UNKNOWN
Lenin Ramírez,MX
Luciano Pereyra,Argentina
Juice WRLD,US
Angèle,Belgium
Lenny Tavárez,United States
Evlay,UNKNOWN
MC Levin,US
Ari Lennox,United States
D.O.D,UNKNOWN
Balloranking,UNKNOWN
NF,US
Agust D,US
Fast & Furious: The Fast Saga,IT
Rasel,ES
en,JP
Karina,AR
Maximus,NO
JC el Diamante,UNKNOWN
Contra,CA
The Chainsmokers,GB
aiko,JP
JR Torres,US
TAEYANG,KR
Lil Toe,US
TBO,UNKNOWN
Seinabo Sey,SE
Cosmo,IT
Mainstreet,AT
GRM Daily,UNKNOWN
Cano,ES
Herbert Grönemeyer,DE
thasup,IT
FAVE,FR
Denny,US
DrefQuila,Chile
Westboy,UA
Lisan Beat,DE
VIRTUAL_AF,DE
Nickzzy,UNKNOWN
Ayda,RU
Popcaan,JM
MC Altaf,UNKNOWN
Olexesh,Ukraine
Linton,GB
Kaptenen,UNKNOWN
Moscow,US
Il Tre,IT
PNL,FR
Joeboy,Nigeria
DJ ABDO,CH
ZAAC,BR
GM2L,UNKNOWN
LISA,JP
Sadturs,UNKNOWN
Ozuna,PR
Famous Pluto,US
MIST,UNKNOWN
Kusha,UNKNOWN
Llane,CO
Koder,GB
Milly,IT
Rusherking,AR
MC G DS,DE
Robin Kadir,GB
Berkay,Turkey
Samurai Jay,US
Papiino SA,US
Tion Wayne,US
Batuhan Kordel,UNKNOWN
Angel Cervantes,IL
Poco Lee,US
Hatik,France
Zola,FR
Abi wa Mampela,UNKNOWN
Jackson Wang,US
Niall Horan,IE
Olivia Rodrigo,US
Rafa e Junior,US
Shreya Sharma,IN
Makar,US
Costa Gold,BR
MC Ryan SP,BR
Shweta Mohan,IN
Cesar Mc,FR
LAGOS,UNKNOWN
Nickoog Clk,Chile
Maren Morris,US
Piotr Odoszewski,PL
bebhumika,UNKNOWN
R Jota,US
LE SSERAFIM,KR
francis,FR
Radhikka Madan,IN
Nasboi,NG
Nthabi Sings,ZA
Rkomi,IT
Tones And I,AU
Elov & Beny,SE
Chief Keef,US
Tkandz,UNKNOWN
MJ Records,GB
erobé,DE
Vaibhav Pani,UNKNOWN
PlaqueBoyMax,United States
Vave,US
O Tubarão,US
Swarmz,GB
BM,BG
Tove Lo,SE
Mc Paiva ZS,US
Müslüm Gürses,TR
Lauro,IT
Delara,Norway
Beendo Z,UNKNOWN
Yuri Redicopa,BR
Alonzo,FR
İkiye On Kala,TR
Ba Bethe Gashoazen,LT
Arpit Bala,India
Tony Effe,US
Skillibeng,JM
Manuş Baba,TR
Funky Qla,UNKNOWN
Los,US
DEHA INC.,TR
Undacava,DE
Samthing Soweto,ZA
Longus Mongus,DE
Zamdane,France
Jass Manak,India
Lena,US
Serøtonin,US
Rita Ora,GB
Bobby Vandamme,DE
Jax Jones,GB
J.Moods,ES
Abel Pintos,AR
Quarterhead,UNKNOWN
MASNY BEN,PL
Mjonszu,UNKNOWN
kuqe 2115,PL
DJ BOY,CH
POCAH,BR
Powfu,CA
Justin Wellington,US
Nicolás Reyes,Peru
Florence + The Machine,UNKNOWN
Paradox,GB
Zach Top,US
Dj Luan MPC,CH
BAZU,DE
King Gnu,US
Sarz,NG
Bushido,DE
BL Beatz,PL
YUNGBLUD,GB
Locura Mix,CN
Kybba,NL
1D1R,UNKNOWN
Simge,Turkey
Trapical Minds,GB
Babasonicos,AR
Cúpula,MX
Sergiusz,PL
Hilltop Hoods,AU
Juli,DE
Anvita Dutt Guptan,IN
Stebin Ben,India
Hearts2Hearts,KR
Troye Sivan,South Africa
Dan Sanchez,US
Loatinover Pounds,UNKNOWN
Ab-Soul,United States
Wily Frenzy,GB
Nkosazana,ZA
Dr Thulz,ZA
Tiësto,NL
Waima,PL
Simon Superti,DE
Mc Pretchako,BR
Inder Chahal,UNKNOWN
Harrycane,UNKNOWN
Authentic Records,JP
Gaby Music,GB
Lia Larsson,Sweden
Gringo Bamba,DE
Naomi Scott,US
220 KID,GB
BIBI,DE
Encanto - Cast,UNKNOWN
KayBlack,BR
Wiso Rivera,UNKNOWN
Paulo Londra,AR
Carla,US
Alex Krack,UNKNOWN
Josman,FR
L7NNON,BR
MC SQUARE,JP
Somololo,UNKNOWN
Umdumazi,UNKNOWN
Yahritza Y Su Esencia,US
Moncho Chavea,UNKNOWN
Creedence Clearwater Revival,US
CHVRCHES,GB
Sezer Sarıgöz,UNKNOWN
Mr. Boota,US
TM,JP
Leby,ES
Raj Ranjodh,UNKNOWN
Yahir Saldivar,UNKNOWN
Gittobeatz,UNKNOWN
BLACKPINK,KR
Anurag Kulkarni,IN
Tilly,BE
MC Cebezinho,UNKNOWN
Masanori Otoda,UNKNOWN
Nico Santos,DE
Yaviah,PR
Buray,TR
Matteo Paolillo,IT
Freya Ridings,GB
K-Rosif,GB
Dawid Kwiatkowski,Poland
Billy Ray Cyrus,US
Err Bits,PL
Shota Shimizu,ZA
Lani Mo,UNKNOWN
Neo Beats,UNKNOWN
Guyu Payne,UNKNOWN
MERO,DE
A Boogie Wit da Hoodie,US
Natan & Shander,CO
Mc Frog,DE
Kareen Lomax,US
Vintergatan,UNKNOWN
Gana Balachandar,UNKNOWN
LEE SUREEN,US
Tman Xpress,UNKNOWN
MC Gontijo,RU
Dalmata,PR
Tainy,PR
Israel & Rodolffo,UNKNOWN
Emilee,United States
Hidra,UNKNOWN
Avi,IL
Yan Block,United States
SFB,NL
Soa Mattrix,UNKNOWN
NewEra,GB
Fu3go,UNKNOWN
Bad Bunny,PR
La Adictiva,UNKNOWN
Martin Garrix,NL
MC Caja,BR
Artz,UNKNOWN
Seemah,ZA
Kiko Rivera,ES
La T y La M,AR
Clean Bandit,GB
MC Caverinha,BR
Rosa Linn,AM
Maffio,DO
DA PUMP,JP
Anurag Saikia,IN
Baby Sleeps,UNKNOWN
Kharishma,UNKNOWN
Carl Brave,US
Molly Sandén,SE
AJR,US
miwa,JP
Dj Tk,JP
Shankar Mahadevan,India
Bvga Beatz,UNKNOWN
VIZE,DE
Beba,BA
Esau Ortiz,UNKNOWN
Solly Moholo,South Africa
Marquinho no Beat,BR
Saga Ludvigsson,Sweden
Thegiornalisti,IT
Noriel,PR
Junie,US
JAURIM,UNKNOWN
Gurpreet Saini,UNKNOWN
Gubziin,UNKNOWN
Black Eyed Peas,US
KAYEF,UNKNOWN
Greg Willen,IT
Enny-Mae,DE
Bizarrap,Argentina
Ruth B.,US
Nio Garcia,PR
prod.Białas,UNKNOWN
Vou Zuar,BR
MC Lan,BR
Fernando Moreno,ES
The Masterz,GB
Dharius,MX
Kyla,PH
ERAY067,UNKNOWN
Delaossa,ES
Sharvi Yadav,UNKNOWN
SAMIRA,MA
Evar,UNKNOWN
Mentiras: La Serie,UNKNOWN
JP Saxe,CA
Brenno & Matheus,BR
4Money,UNKNOWN
CVSTRO,UNKNOWN
Little Mix,UNKNOWN
Galdino,UNKNOWN
AMUSIK,UNKNOWN
Vitaa,FR
Buddy Sax,US
Dj Adoni,UNKNOWN
Raffa Fl,UNKNOWN
B.o.B,US
Blacha 2115,PL
Dabzee,UNKNOWN
Zwide,UNKNOWN
MC Leozinho ZS,BR
DJ Stopper,UNKNOWN
Jhay P,US
MC LCKaiique,BR
LeeMcKrazy,UNKNOWN
Van Morrison,United Kingdom
Tammi Terrell,US
8Uno,UNKNOWN
Joel Fletcher,US
Bobo,CH
FamousKyo,UNKNOWN
DJ Janisto,ZA
Projota,BR
Duncan Laurence,NL
Gminxr,UNKNOWN
Keişan,Turkey
JL SA,US
Henry Moodie,GB
CowBoii,UNKNOWN
sokodomo,KR
Haruma Miura,IT
Lyfrix,UNKNOWN
Calibre 50,MX
Pushkin RSA,GB
Dan Ventura,US
Sav'o,UNKNOWN
Savi Kahlon,UNKNOWN
Marwa Loud,France
Ivory,US
Lim Young Woong,CA
Baek A,NO
Mc Phe Cachorrera,RU
Smokepurpp,United States
Russ Millions,GB
KHAN,US
Helena,CZ
Mid9t,UNKNOWN
Ana Mena,ES
Babalwa M,DE
Aditya Rikhari,IN
Yojiro Noda,JP
Da Beatfreakz,NL
Mc Jacaré,BR
Sofía Reyes,MX
Tove Styrke,SE
DJ Nelson,US
KIAN,UNKNOWN
Ntate Stunna,LS
BAEKHYUN,KR
Selin,UNKNOWN
JVKE,US
MIÜ,DE
Sfarzo Rtee,UNKNOWN
Chrystal,GB
Felix Harrer,DE
DJ Sumbody,ZA
Zokush,FR
SANTOS,DO
Hushpuppi,Nigeria
Filipek,PL
Mc Menor RV,UNKNOWN
Zaho de Sagazan,FR
Tatsuya Kitani,JP
Himesh Reshammiya,IN
Brytiago,PR
Guy2Bezbar,FR
Hitsujibungaku,UNKNOWN
Tokio Hotel,DE
Lovet,UNKNOWN
Clarent,PR
Papa V,US
Dj Lc da Roça,CH
Trap Capos,UNKNOWN
Czarny HIFI,PL
Ingratax,MX
Hornet La Frappe,FR
ECKO,UNKNOWN
MC NAHARA,BR
Farid Bang,Spain
DOPEHOUSE,UNKNOWN
Tony Duardo,US
Ícaro e Gilmar,UNKNOWN
Nehaal Naseem,GB
NOAH,ID
Pereiraremix,UNKNOWN
La China,UNKNOWN
Justin Quiles,PR
Mc Luan,UNKNOWN
Bibič,UNKNOWN
PA Sports,DE
Çağan Şengül,TR
Sminofu,UNKNOWN
Sanam Puri,IN
Yaşlı Amca,TR
Aimer,JP
Bajorson,PL
GloRilla,US
KPop Demon Hunters Cast,UNKNOWN
Hardy Caprio,GB
sir prodige,GB
Junior K,GB
Irama,IT
Arunraja Kamaraj,India
BAHsick,UNKNOWN
David Bowie,United Kingdom
Seori,KR
Cesare Cremonini,IT
Skylar Grey,US
Leon Machère,UNKNOWN
Youka,UNKNOWN
Sibel Can,TR
Wanitwa Mos,ZA
Gruby Mielzky,PL
Álvaro De Luna,UNKNOWN
Albin Johnsén,SE
Kuban,PL
Seyi Vibez,GH
BTS,KR
Alpha Wann,FR
RK,France
Thalia,MX
Analaga,BR
DG e Batidão Stronda,BR
Esteban Rojas,Chile
Gabito Ballesteros,MX
CK THE DJ,ZA
Sedef Sebüktekin,TR
Gustah,BR
Bausa,DE
Hasan Raheem,UNKNOWN
Dot Mega,US
Mr JazziQ,UNKNOWN
BhadBoi OML,UNKNOWN
Rick Ross,United States
Kurtuluş Kuş,Turkey
Internet Money,US
Manan Bhardwaj,India
Tml Vibez,UNKNOWN
Chandra Dixit,UNKNOWN
Ruger,NG
LOWLIGHT,ES
Ultimo,IT
SHAED,US
The Ironix,GB
Pajel,Germany
André Nine,US
Kodigo,AR
Slait,IT
El Malilla,Mexico
Rebel Babel Film Orchestra,US
patr00,UNKNOWN
Inkabi Zezwe,UNKNOWN
Locko,Cameroon
Mauro Castillo,IT
Kento Nakajima,Japan
HYDE,JP
Mona Masrour,SE
Subelo NEO,UNKNOWN
SCH,FR
Grupo Marca Registrada,MX
Xiyo,UNKNOWN
Prem Dhillon,India
Lucio Corsi,IT
Grupo Arranke,MX
Ntokzin,UNKNOWN
Omar Varela,Uruguay
AgroPlay,UNKNOWN
Agapornis,AR
The Game,GB
Michelangelo,IT
Majestic,GB
Daecolm,UNKNOWN
Vulgo FK,BR
Lady Du,US
ODUMODUBLVCK,UNKNOWN
Random,US
GORDÃO DO PC,BR
LUNA,JP
Shishiliza,UNKNOWN
Mori Calliope,UNKNOWN
Liaze,Germany
Olivia Lobato,AU
Ayushmann Khurrana,India
Levante,IT
AKA,South Africa
Mustafa Sandal,TR
Car,UNKNOWN
Yng Lvcas,Mexico
YNW Melly,United States
Doja Cat,US
Chema Rivas,UNKNOWN
Shirli,DE
NOTION,UNKNOWN
Tommy Cash,US
pirlo444,UNKNOWN
Organek,UNKNOWN
Travis Scott,US
Massaka,Turkey
Lortex,UNKNOWN
Jawsh 685,NZ
Salman Tin,GB
Huh,KR
D Smoke,US
Ñejo,PR
LIZOT,DE
Mahmood,Italy
Fili Wey,UNKNOWN
Benson Boone,US
102 Boyz,DE
Kodak Black,US
Sir Trill,GB
FRIZ,FR
Stars Music Chile,UNKNOWN
Shirin David,Germany
Matisse,MX
Drax Project,NZ
Complexo dos Hits,UNKNOWN
Chris Nolan,GB
Jasiel Nuñez,UNKNOWN
Young Miko,CA
Ceren,UNKNOWN
Koldi,PL
Mc Mininin,UNKNOWN
Q Twins,GB
Radhan,IN
Vyno Keys,US
Adel,DE
Umthakathi Kush,ZA
DJ VaZee,PL
Captain Cuts,UNKNOWN
YOVNGCHIMI,United States
Hugo & Guilherme,BR
Michał Anioł,Poland
Ritt Momney,United States
Masterpiece YVK,UNKNOWN
KIDDO,UNKNOWN
Obongjayar,UNKNOWN
Tormento,IT
A Touch Of Class,UNKNOWN
CA7RIEL,AR
Pabllo Vittar,BR
Sebastian Ledher,DE
Siaka,UNKNOWN
Dread Mar I,AR
LaStreet,Sweden
Sam Ryder,US
Joshua,Kingdom of Denmark
Luvli,US
UNLIMITED SOUL,NL
life song,SE
Franco126,IT
Blizzy,SE
Nvcho,UNKNOWN
Jyotica Tangri,IN
Pinhani,TR
Mimifly,Malaysia
Hitboss SA,US
Beny Jr,CU
Sam Feldt,NL
Figa Flawas,UNKNOWN
Asster,UNKNOWN
Ikkimel,DE
Addison Rae,US
Mc Dudu Sk,BR
Merve Özbey,TR
Focalistic,South Africa
Luxon,GB
LB Único,JP
MC Bruna Alves,BR
Black Coffee,GB
New Order,GB
Diho,Poland
Santiago Saez,FR
Kabe,Poland
Julian Sommer,DE
Bandros,UNKNOWN
DoouShii,UNKNOWN
Vetkuk,UNKNOWN
Deemz,PL
BOYNEXTDOOR,KR
Omar Camacho,GB
Mpura,ZA
Cardi B,US
Njelic,UNKNOWN
IU,KR
SINAN,Sweden
KingTalkzin,UNKNOWN
Dulquer Salmaan,IN
Pailita,Chile
Lord Huron,US
Joker Bra,UNKNOWN
wifiskeleton,US
Trueno,AR
DENNIS,JM
AUR,UNKNOWN
Morravey,UNKNOWN
Background White Noise,GB
SwaggGlock,UNKNOWN
Cyclope Beatz,UNKNOWN
Traia Véia,BR
Richy Mitch & The Coal Miners,UNKNOWN
Hanita Bhambri,UNKNOWN
Terry Apala,UNKNOWN
DeeVoe,DE
Young Cister,CA
Slimane,FR
Tsiki XII,UNKNOWN
Tumi Sdomane,ZA
Shallipopi,NG
Ink,US
MC Meno K,BR
Vianney,FR
GG,US
IP Singh,IN
Teddy Swims,US
大籽,CN
Nipsey Hussle,US
natori,UNKNOWN
Rahul Mishra,IN
Serdar Ortaç,TR
Gesaffelstein,FR
DJ NATAN 22,CH
Glockenbach,DE
DiscoKarol,UNKNOWN
DJ Douglinhas,BR
Jorge & Mateus,BR
Jacuś,PL
Surfaces,US
Ava Max,US
Treyce,UNKNOWN
Otto Waalkes,DE
Daoko,JP
Chippoke Ohashi,JP
Mi Casa,ZA
KÖFN,TR
Future,US
Gerardo Ortiz,US
Amrit Maan,IN
Paulo e Nathan,DE
Rei 6,UNKNOWN
Lil Wayne,US
C-Kan,FR
Rashmeet Kaur,India
HUH YUNJIN,KR
Emre Fel,TR
Malcolm Todd,US
Shipra Goyal,IN
[Alexandros],JP
BL Zero,IT
Seiko Matsuda,Japan
Jeremy Zucker,US
Inéz,DK
Valentino Merlo,AR
Love Funk,US
Fritu,IT
TrapLaudo,BR
Taco Hemingway,Poland
Nearr,PL
Chiara Ferragni,IT
Hot Plug Beats,US
Malika,IT
Ado,JP
Jamal,US
Fivio Foreign,United States
Ali Raza,PK
K.C Driller,UNKNOWN
郭家瑋,HK
BEGE,TR
Nestor En Bloque,AR
Trigga,GB
Bryan,CA
Szpaku,PL
Mc Barbie,US
Kokosvoice,UNKNOWN
Tredici Pietro,IT
mgk,US
Ketsumeishi,UNKNOWN
KAROL G,CO
Darkoo,GB
Ella Langley,US
Kadiatou,SE
Ali Sethi,PK
Grupo Firme,MX
Tali Goya,DO
Da-iCE,JP
G. V. Prakash,IN
Eric Land,GB
Blind,DE
Ryokuoushoku Shakai,US
Thakzin,ZA
Yung Adisz,PL
ZUTOMAYO,UNKNOWN
B Young,CA
Emanuele Aloia,Italy
Tunvao,UNKNOWN
Nightcrawlers,GB
Novatron,GB
Stormzy,GB
Hugh Jackman,GB
Mavins,UNKNOWN
Phil The Beat,GB
Niclov,UNKNOWN
Mari Froes,BR
Shubh,UNKNOWN
N.I.N.A,US
Imogen Heap,GB
Pedro,MX
Anne-Marie,GB
Ana Diaz,ES
Avicii,SE
Los Money Makers,PR
NCT 127,KR
Paal Dabba,UNKNOWN
Jay,US
Swizzy,UNKNOWN
La Joaqui,Argentina
Nath,France
Mluh,UNKNOWN
Stromae,BE
Mateca,UNKNOWN
Rasa,US
Mufasa & Hypeman,UNKNOWN
Old Jim,US
Xir,TR
Alex Rose,US
Juanka,PR
Francesca Michielin,IT
Luchè,IT
Jessie Murph,United States
Lady Gaga,US
Casswell P,US
Luccas & Rodrigo,UNKNOWN
K2S,UNKNOWN
Cem Karaca,TR
Eypio,TR
Felipe e Rodrigo,BR
Mc Jhey,UNKNOWN
Dante,Brazil
Mortel,Germany
PATEKO,KR
NHLOSO KHWELA,UNKNOWN
Daniela Rathana,Sweden
Noname,United States
Paluch,PL
Kaytah,UNKNOWN
CNCO,US
Suzukisuzuki,UNKNOWN
Miguel Bosé,ES
Kep1er,KR
NELLIE,DE
Cynthia Luz,BR
GroovyRoom,KR
Thomas Rhett,US
Dj Yuri Pedrada,MX
Randy,US
Vitinho Imperador,UNKNOWN
Pirlo,UNKNOWN
Muni Long,US
Faith Strings,US
AYLIVA,DE
2woBunnies,ZA
El Jordan 23,Chile
Lennon Stella,GB
Måns Zelmerlöw,SE
Rebecca,Indonesia
Sub Urban,United States
Eden Muñoz,UNKNOWN
Marka Akme,BE
Sreeram,India
Erika Sirola,Canada
Contec,UNKNOWN
Sinsinati,UNKNOWN
Symba,DE
Alex Warren,GB
Dawid Obserwator,PL
The Cratez,GB
Maciej Musiałowski,PL
Deep Sen,GB
Jack Harlow,US
Gunna,US
Brown Joel,US
Anirudh Ravichander,IN
MY FIRST STORY,JP
SZA,US
BELL,US
Parampara Tandon,IN
LamboLaz,UNKNOWN
Ben Büdü,TR
GIO,DE
Lasso,ES
Vixen,US
Mert Demir,Turkey
Mustafa Ceceli,TR
Giorgia,IT
Abel de Jong,NL
Mohbad,NG
Gülden Karaböcek,TR
Chefin,BR
Los Ángeles Azules,MX
Baby Tate,US
Mozart La Para,DO
Marciano Cantero,AR
Bomba Estéreo,CO
ABBA,SE
Dyamante DJ,UNKNOWN
Prince Narula,US
The Rudeboyz,GB
031CHOPPA,UNKNOWN
Ariana Grande,US
Lina Maly,DE
Sentino,DE
Bruno & Denner,BR
831,UNKNOWN
Shae Gill,PK
Hotel Ugly,US
Jubin Nautiyal,IN
Koek Sista,UNKNOWN
Cynthia Erivo,GB
Uncool MC,UNKNOWN
Dlala Thukzin,South Africa
Wisin,PR
Noam Zylberberg,US
Luis Fonsi,PR
Robe,UNKNOWN
Helsloot,Kingdom of the Netherlands
Jubël,SE
Anderson & Vei da Pisadinha,BR
Haftbefehl,DE
disiz,FR
Sevdaliza,NL
Elton John,GB
Trinidad Cardona,US
KALIM,DE
Bryant Myers,GB
Rennan da Penha,BR
Zeyd,TR
Milano,US
Fero47,DE
Yerin Baek,KR
데이먼스 이어 Damons year,KR
Big One,GB
R.Tee,KR
Laura Pausini,IT
Aitana,ES
Youjeen,KR
Nokwazi,ZA
Higashi,IT
Ricky Lenyora,UNKNOWN
Kraftklub,DE
Sam Deep,GB
Ted Gärdestad,SE
1PLIKÉ140,UNKNOWN
Dj TG Beats,UNKNOWN
Yasmin Santos,BR
Miquela,US
Nea,SE
Asees Kaur,IN
Aditya A,NO
De’vine 07,CN
Moewgli,SE
2K,IN
Lijo George-Dj Chetas,UNKNOWN
Nouvelle École,UNKNOWN
Dani Russo,US
Rose Villain,US
YOASOBI,JP
GARABATTO,ES
Maureen,GB
Murillo e LT no Beat,UNKNOWN
Ozzy Osbourne,GB
Moss Kena,UNKNOWN
JIMEK,PL
Wall Hein,BR
Busta 929,ZA
B Praak,IN
Biggy,ZA
Marca MP,UNKNOWN
Kamo Mphela,South Africa
Hande Mehan,TR
Soprano,FR
Nigar Muharrem,UNKNOWN
Russ splash,UNKNOWN
Sadek,FR
Patron,Turkey
Tiggs Da Author,GB
Jc La Nevula,UNKNOWN
MAX,DE
Jake La Furia,Italy
Denise Rosenthal,DK
Goodboys,GB
Mad Fuentes,GB
Zed,DE
Nimo,DE
DJ JR No Beat,UNKNOWN
Empire Of The Sun,AU
Becky Hill,GB
Jeriq,Nigeria
Gibbs,United Kingdom
Tungevaag,NO
Vitor e Luan,BR
MC JF,UNKNOWN
X-Morizo,ZA
BEAM,DE
Cnethemba Gonelo,UNKNOWN
Ely Oaks,Austria
Mora,SE
Kaycherlow NLL,UNKNOWN
Sezen Aksu,TR
Marcynho Sensação,UNKNOWN
Marshmello,US
Mathandos,UNKNOWN
Swara,UNKNOWN
Zehra,UNKNOWN
twenty4tim,DE
Kaio Viana,Brazil
Lauana Prado,BR
Mattafix,GB
Bigflo & Oli,FR
Vilen,PK
Faridkot,IN
W&W,NL
Nadson O Ferinha,UNKNOWN
CamiMusic,UNKNOWN
Oxlade,NG
Nupur Sanon,India
Fresh,DE
Dhibu Ninan Thomas,IN
Le-one,IT
Shelow Shaq,DO
Young T & Bugsey,UNKNOWN
RADWIMPS,JP
Dhvani Bhanushali,IN
T.Y.E,UNKNOWN
Maiara & Maraisa,UNKNOWN
Killa Hakan,DE
F1 The Album,UNKNOWN
Jaymes Young,CA
Samra,DE
TINI,AR
Rox Roberson,US
Peggy Gou,South Korea
Kiana,US
Rumi,Japan
Slade,GB
Geenaro & Ghana Beats,US
Mark Eliyahu,GB
prodbyeros,BR
PLAVE,KR
Phunk'ill,PL
Kelvin Momo,UNKNOWN
Aspova,TR
Vibez Inc,BE
Trenches Baby,UNKNOWN
Sofia Carson,US
John Legend,US
Anuv Jain,India
Antara Mitra,India
FARIANA,UNKNOWN
Niack,BR
Yxng Bane,United Kingdom
Ceky Viciny,DO
Bdope,IT
Doechii,US
Abdullah Siddiqui,Pakistan
Ozan Bayraşa,TR
Hriday Gattani,IN
Mc Poze do Rodo,BR
Brave Girls,US
Gloria Groove,US
Rony Ajnali,UNKNOWN
Lucky Luke,Lithuania
Opał,UNKNOWN
Ruba Khan,US
KMAT,ZA
Jowell & Randy,PR
MC Gury,BR
Andry The Hitmaker,IT
Eah Jé,SE
Dj Guuga,BR
Luis Miguel,MX
Ghetto Kids,DE
Zara Larsson,SE
Elley Duhé,US
DNSQ,UNKNOWN
REI AMI,UNKNOWN
Sylwia Grzeszczak,PL
Willow Sage Hart,US
Beltito,PR
Çağrı Çelik,TR
Ebru Yaşar,TR
Nina Chuba,US
dilushselva,UNKNOWN
Shreyas Puranik,IN
BABYMONSTER,KR
Vitor Fernandes,BR
Harm Franklin,US
Aimyon,Japan
Diodato,IT
Goldboy,UNKNOWN
Lellow,UNKNOWN
Fuat,TR
Kamo Manje,BG
The Academy: Segunda Misión,UNKNOWN
BLOOM VASE,JP
Loren Allred,US
Damn Yury,UNKNOWN
Semi Tee,UNKNOWN
Marcus MC,DE
Jeet Gannguli,IN
Rvssian,JM
Seshnolan,UNKNOWN
Prince Benza,US
Palma,PT
JNR CHOI,GB
Mavzer Tabancas,UNKNOWN
Yash Narvekar,UNKNOWN
M Lisa,JP
Camila Cabello,US
Kaleb Di Masi,AR
LIBERATO,UNKNOWN
Beteo,PL
Wonstein,KR
Rahul Muana,IN
Sobzeen,UNKNOWN
MC Doni,RU
Gastam,UNKNOWN
Labrinth,GB
Yusuf Mohammed,IN
DAESUNG,UNKNOWN
Hooja,SE
Raul Vega,US
BoyPee,UNKNOWN
Walshy Fire,United States
Khathapillar,ZA
Skrillex,US
Juju,JP
NAYEON,KR
Tuğba Yurt,TR
Mthunzi,ZA
Credibil,DE
Pitbull,US
Gen Hoshino,IT
asmi,JP
Raí Saia Rodada,BR
CRO,DE
Zee Nxumalo,ZA
Reminisce,NG
JID,US
Eva,US
Ponko,BE
Sky Rompiendo,CO
Madame,IT
Saliboy,UNKNOWN
LuuDaDeejay,UNKNOWN
dnvn,UNKNOWN
Saaheal,IN
SPYAIR,JP
Trooh Hippi,UNKNOWN
Aventura,US
TACONAFIDE,UNKNOWN
Naleboy Young King,US
Bayhan,TR
Prince Royce,US
Fricky,Sweden
Nanpa Básico,Colombia
Elodie,IT
lovad,SE
Hikaru Utada,Japan
Switch Disco,UNKNOWN
Jakub Laszuk,CZ
salem ilese,UNKNOWN
Alvaro Diaz,PR
Tuğkan,TR
Simba La Rue,IT
Dżinold,PL
The Stickmen Project,UNKNOWN
Frank Mabeat,US
The Real Prechly,GB
Silk Sonic,US
WEDNESDAY CAMPANELLA,US
Gabry Ponte,IT
Vinayak Sasikumar,India
Daria Zawiałow,PL
Belters Only,UNKNOWN
Lanek,PL
Gurnazar,India
Benzz,United Kingdom
Elisa,IT
Mc RF,BR
fromis_9,KR
Rauhan Malik,UNKNOWN
Will Ferrell,BE
SHAUN,JO
DEKKO,GB
GELO,UNKNOWN
Vintage Culture,GB
MD Chefe,Brazil
G-DRAGON,DE
NAV,CA
Mohit Chauhan,IN
Ayra Starr,NG
WOODZ,KR
Nathan Dawe,DE
Xavi,Spain
Dermot Kennedy,IE
Mavi,Turkey
MISAMO,JP
Virlan Garcia,MX
Nuova Scena,IT
ElMusto,UNKNOWN
PL Quest,UNKNOWN
ProdSmile,UNKNOWN
Visca,UNKNOWN
Jessica Darrow,US
2woshort,UNKNOWN
Silva,BR
CHEKAA,CH
Dauner,DE
Harris Jayaraj,India
Alex Favela,UNKNOWN
PEDRO SAMPAIO,MX
Fepache,UNKNOWN
BYOR,RU
Hernan y La Champion's Liga,AR
DomLaike,Brazil
Grzegorz Turnau,PL
Albi,Indonesia
Karamel19,UNKNOWN
aykich,UNKNOWN
Achille Lauro,IT
ITZY,KR
Tream,DE
Ferrugem,BR
Papatinho,BR
Mpumi Mtsweni,ZA
Bukzin Keyz,US
Lubin,US
Jimmy Maradona,JM
Agnieszka Chylińska,PL
Sickan,SE
@atutowy,PL
Sanjoy,United States
Garry Sandhu,India
Oska030,UNKNOWN
SDP,DE
Lojay,UNKNOWN
Sagar,India
Tayrone,BR
Perera DJ,CH
La Maquinaria Norteña,UNKNOWN
Cauty,PR
Vigro Deep,GB
Abhijit Vaghani,UNKNOWN
Tz da Coronel,BR
Buhle Sax,UNKNOWN
Toaka,Japan
Booba,FR
Hooks,US
Doğu Swag,UNKNOWN
sakanaction,UNKNOWN
Arijit Singh,IN
DJ Hellan,CH
Amar Jalal,UNKNOWN
Crowd Lu,MX
Asme,SE
Gurinder Gill,IN
Enzo Dong,IT
Raspy,CA
DJ DEIVÃO,CH
Greczula,SE
MC WM,BR
Ryan Lewis,US
Sweetaj Brar,India
Bhupinder Babbal,UNKNOWN
Kleks,PL
Dean Lewis,Australia
OLEK,PL
Bou,UNKNOWN
PinkPantheress,United Kingdom
Uzielito Mix,CN
Enny Man Da Guitar,UNKNOWN
James Hype,United Kingdom
PARDHAAN,UNKNOWN
Mr Eazi,Ghana
Villano Antillano,PR
Alok,Brazil
club2020,PL
Amaru,UNKNOWN
Sefo,DE
ALLDAY PROJECT,KR
Jovanotti,IT
Darshan Raval,India
Kreamly,CL
Jack The Smoker,IT
Hogland,UNKNOWN
Gracie Abrams,US
Ajda Pekkan,TR
GHILDIYAL,UNKNOWN
Roze Oficial,JP
Zé Felipe,Brazil
Los Palmeras,AR
Mc Danflin,UNKNOWN
Myke Towers,PR
Sidoka,BR
Spacey Jane,UNKNOWN
Javed-Mohsin,IN
Cole Swindell,US
Soolking,DZ
E1 (3x3),UNKNOWN
Rema,NG
Prakriti Kakar,IN
The Cavemen.,GB
BARÉ,US
AURORA,NO
Marc Seguí,DE
Lil Kesh,US
Steez83,UNKNOWN
Las Chuches,UNKNOWN
Crookers,IT
FOURTY,UNKNOWN
VillaBanks,IT
TNK MusiQ,UNKNOWN
Nova Norda,TR
Malandro,UNKNOWN
CLUB DA DZ7,UNKNOWN
Ella Henderson,US
Swasti Mehul,India
Molly Hammar,UNKNOWN
Ufuk Beydemir,Turkey
347aidan,Canada
Fagata,Poland
Zeppy Zep,PL
Stash,United States
Mc Kadu,BR
BE'O,KR
Okan & Volkan,UNKNOWN
21 Savage,US
RAYE,GB
承桓,CN
Philippe,Switzerland
Rich Brian,US
Preston Pablo,US
Blanco Brown,US
Yuppe,UNKNOWN
Pascal Letoublon,France
Pomme,FR
DJ Tao,IT
Hit-Boy,US
Selmon,UNKNOWN
Tommy Richman,United States
MilleniumKid,DE
K27,SE
GEMN,JP
Kawe,BR
Polodared,KR
Shandesh,UNKNOWN
Jonas Blue,GB
落日飛車 Sunset Rollercoaster,TW
Ferdi Tayfur,TR
MC Saci,BR
Cheema Y,India
Elmatadormc7,UNKNOWN
Harjot Kaur,UNKNOWN
Aymos,UNKNOWN
Siya Ntuli,US
Paola & Chiara,IT
Dj Killer,JM
A-Reece,NO
Tayson Kryss,UNKNOWN
Nura,Eritrea
Silence Wang,GB
Diegote,UNKNOWN
730 Huncho,UNKNOWN
Frijo,Argentina
Nusrat Fateh Ali Khan,Pakistan
Hansika Pareek,UNKNOWN
HYUKOH,UNKNOWN
Leslie Grace,US
Roddy Ricch,US
ELENA ROSE,US
Rola,DE
Young Dro,CA
Brray,PR
Arca,VE
Marmi,Spain
Gülden,TR
Smaki 08,UNKNOWN
MEOVV,KR
Adam Woods,US
THEODORT,FR
Yexel,UNKNOWN
Sehabe,TR
Mesita,US
Conor Maynard,GB
Reykon,CO
Nickz Beatz,DE
Chucho Flash,CU
Mc Delux,BR
Russ,US
Dadá Boladão,BR
Katteyes,CL
Seksendört,TR
USHER,US
Wir sind Helden,DE
CH (GMD),UNKNOWN
Ana Gabriela,BR
MC LUUKY,BR
Ufo361,DE
Jazzy,MX
Yera,CO
Gucci Mane,US
lucidbeatz,UNKNOWN
Cosculluela,PR
KISS OF LIFE,KR
ROSALÍA,ES
Sarcastic Sounds,UNKNOWN
DJ AL4DDIN,CH
Gaboro,SE
Craig David,United Kingdom
Mangli,India
DripReport,UNKNOWN
Jamby El Favo,PR
Jeff Redd,US
DJ Nikolas Alves Exclusive,CH
Calboy,US
Sleepy Hallow,US
Jorsshh,UNKNOWN
Clara Klingenström,SE
AnnenMayKantereit,DE
JAE5,Ghana
Melody,US
Gifty,UNKNOWN
Paky,IT
HANRORO,UNKNOWN
TxC,UNKNOWN
Jessi,US
Miami Yacine,DE
Don Pero,US
SjavasDaDeejay,UNKNOWN
Melanie Martinez,US
Macklemore,US
Organize,UNKNOWN
Ina Wroldsen,Norway
Blaq Major,JM
Khontkar,TR
La Mano 1.9,France
DJ Johny,CH
DU'L,UNKNOWN
Young Stunna,CA
Lana Del Rey,US
Jonas Brothers,US
KEVVO,PR
Jairo Vera,DE
DJ AK BR,CH
Zerrin Özer,TR
Articolo 31,IT
Rıza Tamer,DE
Dubzyy,UNKNOWN
Rowdy Rebel,United States
$HUPE,UNKNOWN
KCee,UNKNOWN
Deniz Tekin,TR
Locky,GB
Kim MinSeok,GB
Afro Bros,GB
Mhaw Keys,ZA
DJ Borest,CH
Miky Woodz,PR
Gajendra Verma,IN
Jacqueline Fernandez,MX
Kubi Producent,PL
B.Baby,SE
Cat Burns,GB
Tshego,ZA
Dj Victor,CH
Rory Diamondz,IE
CERES,AU
Joost,NL
Eftalya Yağcı,TR
E4an,UNKNOWN
Vaikom Vijayalakshmi,IN
Prime De 1st,UNKNOWN
Ducon,UNKNOWN
EL IMA,UNKNOWN
B.I,DK
Firdhaus,UNKNOWN
NCT DREAM,KR
Wylo,CH
Gaab,Brazil
JUSTHIS,KR
Brojustchill,UNKNOWN
Bruno & Marrone,BR
JAY-Z,US
Kaifi Khalil,PK
Migrantes,AR
Niko B,US
JB,US
Tropkillaz,UNKNOWN
Tinashe,US
Manu Chao,FR
100 Blaze,US
Shalmali Kholgade,IN
Rymez,United Kingdom
Snow Tha Product,US
Manni Sandhu,GB
Officixl RSA,UNKNOWN
Manuel Carrasco,ES
Diego & Arnaldo,BR
GL_Ceejay,UNKNOWN
JAZZWRLD,UNKNOWN
Neha Kakkar,IN
Ashanti,US
Adele,GB
ECLIPSE,SE
Himanshi Khurana,IN
Oskoow,UNKNOWN
Dani Flow,JP
Stompiiey,UNKNOWN
Khaid,Nigeria
Chloe Martini,IT
Altamash Faridi,UNKNOWN
Dj Aurélio,CH
D3W,UNKNOWN
Sgija'Disciples,UNKNOWN
Sizwe Alakine,ZA
Kontra K,GB
Niska,FR
PG$,BR
Jaani,India
Ghard,UNKNOWN
Cautious Clay,US
Guilherme & Benuto,BR
Albin Lee Meldau,SE
ABHIR,ES
Los Turros,UNKNOWN
Dj L Martins,US
La La Love You,ES
Paris Platynov,UNKNOWN
Natanzinho Lima,BR
Manny Flaco,US
DJ JZ,CH
Vera Blue,DE
BoBa,UNKNOWN
blackbear,US
MRGH.,UNKNOWN
młody klakson,PL
OIO,PL
Alan Dazmel,US
DannyLux,US
Rafa Pabön,PR
Bakermat,NL
Charlie Puth,US
Camidoh,GH
Javed Bashir,IN
EVERGLOW,KR
Motohiro Hata,JP
Dj Karri,CH
El Polaco,AR
Tanishk-Vayu,UNKNOWN
Fantasia,US
Shade,JP
Lauren Spencer Smith,CA
Dj Win,CH
Swara Verma,UNKNOWN
indigo la End,JP
Mc Don Juan,SI
Çağrı Kaymak,UNKNOWN
tatool,UNKNOWN
Takagi & Ketra,IT
Luar La L,UNKNOWN
WAHL,DE
Gentleman,DE
Conton Candy,JP
The Knocks,GB
Bruno LC,IT
Kibariye,TR
DJ JOAO DA INESTAN,BR
Clau,BR
WILLOW,US
Aastha Gill,IN
Lalo Ebratt,AR
Mig,FR
HIRAIDAI,UNKNOWN
Jonasu,DE
Seun1401,UNKNOWN
Surf Curse,US
Giusy Ferreri,Italy
Pablo Mas,JM
MC 2jhow,BR
Ahmet Hatipoğlu,TR
BLOK3,UNKNOWN
PlanBe,PL
Kairo Keyz,United Kingdom
LATIN MAFIA,UNKNOWN
Cruz Cafuné,ES
Tyla,GB
Came Beats,UNKNOWN
Jonita Gandhi,Canada
Mrozu,PL
Nause,SE
Holden,GB
Bresh,IT
Hayat,DE
Trettmann,DE
Alexander Tidebrink,AT
Mano,Portugal
Jimin,KR
Victor WAO,CL
Damiano David,Italy
Vikram Sarkar,India
TOMONARI SORA,UNKNOWN
Ricky Rich,US
NASTEISHA,UNKNOWN
Kizo,Poland
Kumar Sanu,India
Kris Winther,US
DAY6,KR
Rhenzy Feliz,US
BIN,JP
Marcos Villalobos,BR
Akhil Sachdeva,UNKNOWN
Nelly,US
venbee,UNKNOWN
Lyente,UNKNOWN
Pashanim,DE
Quality Control,UNKNOWN
Ramajogayya Sastry,India
Tusse,SE
Dj W-Beatz,UNKNOWN
Dalom Kids,DE
Slow Motion,US
Güneş,TR
Zedd,DE
Zerb,BR
Canbay,TR
A-Lin,TW
Chillin Homie,KR
Reckol,UNKNOWN
Senior Oat,ZA
HITMAKER,BR
Banda MS de Sergio Lizárraga,UNKNOWN
Nimrat Khaira,India
PYY Log Drum King,US
Lucry & Suena,DE
Los Honorables,UNKNOWN
White 2115,PL
Nkosazana Daughter,ZA
CÉLINE,CA
Márcia Fellipe,BR
Good Neighbours,GB
Marie,DE
Ram Miriyala,India
Teezo Touchdown,US
VEN1,France
WeiBird,UNKNOWN
AK AUSSERKONTROLLE,DE
Natanael Cano,Mexico
汐れいら,JP
Dj Caio Vieira,CH
NTG,UNKNOWN
Mvzzle,South Africa
Jin,US
Adam Levine,US
DaChoyce,UNKNOWN
Dele,GB
Yotuel,CU
Naledi,ZA
MC Vinny,BR
Don Patricio,US
Young Multi,CA
Cartel De Santa,MX
Meek Mill,US
Nabo Nassib Fonabo,JP
Andy Rivera,US
Key Largo,FR
Sash!,DE
Chardo Chardemio,UNKNOWN
Duki,Argentina
Ados,TR
Nigma,SE
Oliver Tree,GB
Gianni,IT
George Henrique & Rodrigo,UNKNOWN
41,CA
beabadoobee,UNKNOWN
Zhavia,US
BILLA JOE,GB
KeBlack,FR
Lil Tjay,US
Shinda Kahlon,UNKNOWN
Djonga,Brazil
JAY1,UNKNOWN
Mattei,UNKNOWN
Solar,SE
Mortal,GB
Theodora,FR
Kabelo Sings,UNKNOWN
Los Sufridos,DO
Güllü,TR
Goon Flavour,GB
Shaboozey,US
Ed Sheeran,GB
SEYSEY,UNKNOWN
Grogi,TR
Abhijeet Srivastava,IN
ANNA,DE
D-Block Europe,SE
Jey F,UNKNOWN
Riaan Benadé,ZA
$OHO BANI,DE
GAULOIS,UNKNOWN
Jikijiki,UNKNOWN
Oviña,UNKNOWN
Anaïs Cardot,UNKNOWN
Aashir Wajahat,Pakistan
Velet,TR
P.J,UNKNOWN
Madison Beer,United States
DJ Conds,UNKNOWN
Kore,FR
The Runner,GB
CXSPER,UNKNOWN
Adriano Rhod,IT
Mema_Percent,UNKNOWN
Revart,UNKNOWN
Julia Michaels,US
TOSS,UNKNOWN
Sofiane,FR
Whethan,United States
Jonas Esticado,UNKNOWN
DR. VODKA,US
Orodembow,UNKNOWN
SNOW,US
OFFICIAL HIGE DANDISM,JP
Nordman,SE
cassö,GB
Camin,UNKNOWN
No.1,TR
uLazi,UNKNOWN
Nil Moliner,ES
Tyler Cole,US
Surf Mesa,US
benjitalkapone,UNKNOWN
Young Thug,CA
Kotim,UNKNOWN
Bayaan,PK
Natasha Bedingfield,GB
Paula Biskup,PL
Stephen Puth,US
Dhruv,UNKNOWN
Gipsy Kings,FR
Callejero Fino,AR
Einár,SE
KASIMIR1441,DE
Landy,IE
Sachet Tandon,IN
The Plug,GB
Joocy,ZA
Raiz,IT
50 Cent,US
Baby Rasta,PR
Zain Zohaib,PK
Félix,DE
Jay Smith,US
Sam Smith,GB
Danny Chung,US
SOG,UNKNOWN
Kala Bhairava,UNKNOWN
Standly,Chile
Kay Invictus,GB
Social House,AU
Luck Ra,US
Kadu Martins,BR
Lilas,UNKNOWN
makko,UNKNOWN
LUIZA,BR
BIGBANG,KR
Prashant Pandey,India
Kynda Gray,DE
Blunted Vato,AR
Jhonny Rivera,CO
Spura,UNKNOWN
papablessbeatz,UNKNOWN
Sakiler,TR
Chris de Sarandy,UNKNOWN
Trzech Króli,PL
JURI,DE
Arma Jackson,US
DFZM,CO
Prototype,JP
DMNDS,UNKNOWN
Dk 47,UNKNOWN
WERSOW,PL
Calvin Harris,Scotland
zawad,BD
Bryson Tiller,US
Dasha,US
Young Desi,CA
Marina Sena,Brazil
Perdenin Ardındakiler,TR
Zion & Lennox,PR
Duman,TR
Karan Aujla,India
Domiziana,DE
Maverick Sabre,GB
bvdy47,UNKNOWN
Soppgirobygget,UNKNOWN
Manu Pilas,UNKNOWN
Lourena,BR
Noemi Leal,IT
Mdoovar,ZA
Bailey Zimmerman,US
Raffaella Carrà,IT
Ewan McVicar,United Kingdom
sped up nightcore,UNKNOWN
Sleep Token,GB
Nick Nash,GB
Davido,NG
Yorushika,UNKNOWN
MC Mari,RU
BLOODY VINYL,IT
Mandale Flow,JP
YG Marley,JM
SPONSOR DIOS,BE
Rami,JP
Hi Hania,PL
Giant Rooks,DE
Lucenzo,FR
Msaki,ZA
MC Marks,US
badmómzjay,DE
JOY,GB
Naughty Boy,GB
AX'EL,UNKNOWN
MC Vine7,BR
Kid Cudi,US
CALI,FR
Reboll333,UNKNOWN
Kehlani,US
Satheeshan,UNKNOWN
HANA,CZ
Boohle,South Africa
SIX60,NZ
Joel De La P,MX
Philharmonic,GB
Murilo Huff,BR
DigDat,GB
SLANDER,US
Carbonne,FR
Los Rogelios,UNKNOWN
Jay Chou,US
Ken-Y,GB
Bring Me The Horizon,GB
Drillionaire,IT
Gus Dapperton,US
sangiovanni,IT
Koresawa,Japan
Öwnboss,BR
Mc Pelé,UNKNOWN
Lute,US
Tribal Kush,UNKNOWN
Shardul Rathod,IN
Maxwell,US
Ikaz Boi,FR
LBI利比,CN
Kiran Bajwa,UNKNOWN
Nicki Nicole,US
Marama,UY
Hiroji Miyamoto,Japan
Darell,PR
Aloe Blacc,US
Shibui,UNKNOWN
Vito Bambino,PL
Norm Ender,TR
Solda,France
Evaluna Montaner,VE
Danzel,BE
sombr,US
Gill Machhrai,UNKNOWN
ThatGurlHanna,DE
Gökhan Türkmen,TR
Sol Phenduka,South Africa
Rondodasosa,IT
Olga Merediz,US
Anitta,BR
Guapdad 4000,US
Greeicy,CO
10-FEET,JP
Bazgrov,PL
Foo Fighters,US
Oliwka Brazil,PL
Double Lz,United Kingdom
LP,United States
MC Zaquin,BR
Smash Into Pieces,SE
GOMBAO 33,PL
Isabel LaRosa,US
Were-vana,UNKNOWN
Junior De Rocka,UA
Dylan Matthew,US
hey daisy,PL
Madrigal,RO
One-T,GB
Max Dean,US
Ghost Killer Track,France
Kashish Ratnani,UNKNOWN
Lee Bloccboy,US
Marcos & Belutti,BR
Sonu Nigam,IN
RRARI DAL TACCO,IT
Mc Lele JP,BR
MC GH do 7,AU
Mano Walter,Brazil
Mc Luki,BR
Nazan Öncel,TR
Snoop Dogg,US
Tiago PZK,AR
Dimitri Vegas,UA
Makhadzi Entertainment,ZA
benno!,DK
BROCKHAMPTON,US
Swapnil Tare,UNKNOWN
Dotter,SE
Nirvana,US
Tekir,UNKNOWN
Choco Dynasty,UNKNOWN
Thatohatsi,UNKNOWN
MixSingh,India
JR,US
Kaan Boşnak,TR
Baco Exu do Blues,Brazil
be vis,US
Chapo102,UNKNOWN
Kapla y Miky,CO
Ataypapi,UNKNOWN
Silva Mc,RU
Siles,PL
Kolja Goldstein,NL
Kyle Richh,US
Figo i Samogony,UNKNOWN
Nitro,IT
NOG,UNKNOWN
Uncle Waffles,ZA
Myra Granberg,SE
Jann,CA
Annalisa,IT
Thiago Carvalho,Brazil
Macklemore & Ryan Lewis,US
Shaydee's,UNKNOWN
Gigi D'Agostino,IT
Tymek,PL
Dead Dawg,US
Maestro,IT
ASH ISLAND,GB
Lizzy McAlpine,IE
Pierre Garnier,FR
CODE KUNST,KR
Kim Seungmin,GB
KC Rebell,DE
Sarah Toscano,US
BL,UNKNOWN
Mackan,UNKNOWN
El Perro,AR
Poizi,TR
Novelbright,JP
Mario,US
Decrat,TR
Armaan Malik,IN
R2,UNKNOWN
Martina Attili,IT
Bletka,Poland
Lira,ZA
C0PIK,UNKNOWN
Q-Mark,GB
SPITZ,UNKNOWN
Boygar,UNKNOWN
MATHEUS ALVES,UNKNOWN
Sinan-G,DE
Wale,US
Clementine Douglas,GB
Udo Lindenberg,DE
jolle,DE
Purple Disco Machine,DE
ANAVITÓRIA,BR
R3HAB,NL
ENHYPEN,KR
Benzoo,UNKNOWN
Aden Foyer,NO
Dj Chetas,India
Markim WF,UNKNOWN
charlie moncler,US
clearmind,PL
Tinlicker,NL
Khushi TDT,GB
FT Kings,FR
Kacperczyk,PL
Harrdy Sandhu,IN
Portable,UNKNOWN
The Killers,GB
Eugenia Quevedo,Argentina
El negro tecla,UNKNOWN
Adekunle Gold,NG
BUARQUE,BR
Burry Soprano,TR
MV Killa,US
Neves17,IT
skrilla,US
Jelly Roll,US
Leon Faun,DE
Gera MX,MX
Kalash,France
Omoinotake,JP
Playboi Carti,US
Trippie Redd,US
OVE,NO
Emilia,SE
Shekhar Ravjiani,IN
The Adventures Of Stevie V,GB
Kane Brown,US
MODELKI,PL
Faceless,UNKNOWN
Maisak,UNKNOWN
Belle Kaffer,BR
DJ WN,CH
benny blanco,US
Orietta Berti,IT
Babblarna,UNKNOWN
Taburete,UNKNOWN
SEKAI NO OWARI,JP
Mario Bautista,US
Mfr Souls,ZA
Ziv Zaifman,US
Lucianoz,SE
Signature By SB,UNKNOWN
MXZI,GB
Venom,GB
Os Gemeos da Putaria,UNKNOWN
Mangoo,Sweden
Kaash Paige,US
SHABAB,UNKNOWN
WOODBLOCK DJS,GB
Fernandezz,UNKNOWN
Gedz,PL
Håkan Hellström,SE
Kendo Kaponi,PR
9umba,UNKNOWN
Deliverymusic,UNKNOWN
Doble ONE Flow Letal,UNKNOWN
KYANU,DE
Monaky,UNKNOWN
Big Zulu,GB
Parmish Verma,India
Juan Duque,AR
Colin Hay,AU
David Tango,UNKNOWN
Lekaa Beats,UNKNOWN
Safri Duo,DK
LOAM,US
Quevedo,Spain
Nosowska,PL
Omega,HU
MC K9,UNKNOWN
Shaunmusiq,UNKNOWN
Why Don't We,US
Omar Courtz,PR
Blacknife,UNKNOWN
Horacio Palencia,Mexico
Pierre de Maere,BE
Pabi Cooper,ZA
Blueface,US
Alejo Isakk,AR
Flexxy 2115,PL
WEY,BR
rów babicze,UNKNOWN
MUKADE,UNKNOWN
KITSCHKRIEG,UNKNOWN
Wiktor Dyduła,Poland
Spyro,US
Mr. Vegas,JM
ATR Son Son,UNKNOWN
Six Sex,GB
LADIPOE,UNKNOWN
ElyOtto,CA
Gawryle,PL
LIMIT NALA,UNKNOWN
Muyeez,UNKNOWN
TallexQ,UNKNOWN
Sam Fischer,US
Rain Radio,AU
Dj Nk Da Serra,UNKNOWN
Ziak,FR
Justin99,UNKNOWN
Werenoi,FR
Seun Kuti,NG
Shoday,Nigeria
Dalton,US
Red Velvet - IRENE & SEULGI,KR
The Kid LAROI,AU
MC MENOR HR,BR
Jakes Bejoy,IN
bbno$,CA
Ronnie Ferrari,US
Skolim,UNKNOWN
Mitski,US
Dree Low,SE
MAISONdes,JP
SOFFIE,DE
Vibe Chemistry,JP
SINCE,KR
Grupo Menos É Mais,BR
2Click,UNKNOWN
Mohombi,SE
wave to earth,KR
Sandy6eats,UNKNOWN
Mucco,Germany
Roméo Elvis,US
Akshath,UNKNOWN
Nova sa style,US
Rei,IT
Sheck Wes,US
Caralisa Monteiro,IN
Amenazzy,DO
Charles New,US
Abidoza,UNKNOWN
Phoenix,GB
MNEK,GB
Lossa,FR
Medy,IT
25,GB
Tony Boy,US
My Marianne,DE
Deejaykgosi,UNKNOWN
keshi,US
Rizzi Get Busy,BR
Billy Gillies,US
Bayanni,NG
Toby Keith,US
Vegedream,FR
p3,UNKNOWN
1olliee,UNKNOWN
$NOT,US
AAA,JP
Tame Impala,AU
Ralph Kaminski,Poland
Bellakath,MX
Nyno Vargas,ES
Bouss,UNKNOWN
Tosiek,UNKNOWN
Mc J Mito,BR
Classic Deep,GB
FourNine,UNKNOWN
Mayorkun,NG
Eddin,Germany
Aitch,Romania
Varinder Brar,India
Rocco,DE
korweta,UNKNOWN
Kings of Leon,US
Gurjit Gill,UNKNOWN
Eglo G,DE
Żabson,PL
Dillom,AR
Justus Bennetts,US
Qaisar-Ul-Jafri,UNKNOWN
Jacqline,SE
Blake Shelton,US
Cazzi Opeia,SE
Nic Sarno,IT
Fujii Kaze,CA
DJ Swat,CH
Bugy,JP
JayJayy,UNKNOWN
MalumNator,UNKNOWN
Skinner & Lightning Seeds,GB
Sykes,US
Dj Luan Gomes,CH
G Herbo,US
Bob do Contra,UNKNOWN
GIVĒON,US
Kianush,DE
Avine Vinny,BR
Fauna Music,GB
J. Rey Soul,PH
24kGoldn,US
Fredo,GB
Micro TDH,VE
AP Dhillon,CA
Felipe Original,JP
Kåren,US
ALIZADE,TR
Migos,US
Jovem Dionisio,UNKNOWN
Dysbit,UNKNOWN
Magiera,PL
Beast,KR
Los Dareyes De La Sierra,UNKNOWN
Eddie Block,US
Albatraoz,SE
Trapical,CO
PnB Rock,US
OH MY GIRL,KR
Tommaso Paradiso,IT
Dennis Lloyd,GB
SAF,FR
Israel B,US
Def Jam World Tour,US
Zebraodzawsze,UNKNOWN
LiL CaKe,US
Aarohi Raghav,CA
Wesley Safadão,BR
MC K.K,UNKNOWN
Brisa Star,UNKNOWN
Mwuana,SE
Simran Choudhary,India
2Baba,NG
Lary Over,PR
Reese LAFLARE,US
Nico Valdi,DE
Rota,IT
La Pantera,ES
Mr Pilato,US
DJ TOPO,ES
KG Smallz,UNKNOWN
Mohelá,UNKNOWN
Kenny Man,US
Carlos Manjarrez,AR
ZARAMAY,AR
RAMKY EN LOS CONTROLES,JP
Wisin & Yandel,PR
Danny Romero,US
Anıl Piyancı,TR
Salve Malak,Brazil
Deepthi Suresh,IN
Sergio Alejandro,ES
MC Celo BK,BR
DJ JB Mix,CN
4Keus,FR
Eric Chou,GB
Laufey,IS
GRiNGO,UNKNOWN
Dj Andrabeat,CH
Sunny Yaduvanshi,HU
Nontokozo Mkhize,UNKNOWN
Alida,NO
Busy Signal,JM
Tory Lanez,CA
Walker Hayes,US
Big Scythe,GB
Parangolé,BR
Romeo Santos,US
Musketeers,UNKNOWN
MC JottaPê,UNKNOWN
Morat,CO
Hoshimachi Suisei,Japan
La Delio Valdez,AR
Eric Church,GB
DJ 900,CH
Mpho Sebina,BW
Triz,UNKNOWN
01an,SE
Tarcísio do Acordeon,Brazil
Vishal Mishra,IN
DJ Kayz,France
G-Eazy,US
Jassa Dhillon,CA
M¥SS KETA,IT
HAVAL,SE
Bradley Cooper,US
Aqua,DK
MÖRDA,BE
Paloma Mami,US
Nysix Music,GB
Felipe Amorim,BR
Prodotto di Superti,UNKNOWN
Yasser Desai,UNKNOWN
Shari,DE
HoodBlaq,DE
Dorian,ES
New Hope Club,GB
Ece Mumay,TR
Nicolas Reyes,France
Black Moose,GB
Olly Alexander (Years & Years),GB
Beauty Brain,ES
Polimá Westcoast,CL
Nobeat,UNKNOWN
CIVO,DE
Silvanno Salles,BR
Romeo Makota,ZA
Dadju,FR
NK,US
Shindy,DE
Médine,France
Beach House,US
NEIKED,SE
Lwah Ndlunkulu,South Africa
Maroon 5,US
Payal Dev,India
John C,US
Dua Lipa,GB
Chimbala,DO
Yung Beef,ES
Kuba Więcek,PL
Flowdan,GB
Miyo,UNKNOWN
Wizard Chan,AU
M-Touch,DE
Corneille,CA
Harry Nach,US
Sido,DE
Jaque Mate,CR
Kahraman Deniz,TR
MACE,IT
Leony,DE
Danny,US
Celso El Potente,UNKNOWN
Nuzio Medeiros,US
Dudu,IL
Dinho,Brazil
Yo Hitoto,UNKNOWN
EGE!,TR
20ty Soundz,UNKNOWN
Cevher,TR
QUEEN BEE,GB
Mike Bahía,GB
Perro Primo,AR
Yugopolis,PL
Jeeiph,Venezuela
Bergen,TR
Jako,UNKNOWN
Jasmine Sandlas,India
Ikky,UNKNOWN
Prezioso,IT
Pedro Capó,PR
Malik Montana,PL
Sagopa Kajmer,TR
Danny Ocean,US
Sasso,UNKNOWN
Gabb MC,IT
Tobi,UNKNOWN
Hodak,PL
Yaşar,TR
Pj Sin Suela,UNKNOWN
333 Mob,IT
GAYLE,US
Anyme023,FR
Sasha Alex Sloan,US
Boy Mass,US
Gazo,FR
Emma,IT
One Direction,UNKNOWN
Silvestre Dangond,CO
Niink,BR
Vitor Limma,BR
Alessia Cara,CA
DJ Gouveia,CH
Faouzia,CA
Flume,AU
MC Teteu,BR
Alfaaz,UNKNOWN
Xavier Naidoo,DE
Izi,IT
Gustav,AT
ILLENIUM,US
KXXMA,DE
NEIMY,UNKNOWN
Woza Sjax,UNKNOWN
Kaylow,ZA
Wesley Keys,US
Monali Thakur,India
The Creator,GB
Filip Leon,US
Startuffo,UNKNOWN
Natiey Lepaka,UNKNOWN
Princess Superstar,United States
Esther Graf,AT
Tucker Wetmore,US
ThxSoMch,Canada
MC TH DA SERRA,BR
Calcutta,IT
Sonny Wern,US
MAJAN,DE
Maldy,PR
Beta Berk Bayındır,TR
ODZ,SE
DJ Nomza The King,US
Sero El Mero,DE
Big Pat,US
Liim’s,UNKNOWN
Mr Nation Thingz,UNKNOWN
Sofiya Nzau,KE
Cortesia Da Casa,BR
OFB,UNKNOWN
FRÖKEN SNUSK,SE
Lost Frequencies,BE
J-AX,GB
Palak Muchhal,IN
MC Lipivox,UNKNOWN
MC MENOR SG,BY
neguse.,JP
Doug Hits,US
Dhanda Nyoliwala,UNKNOWN
Polaco,UNKNOWN
T.M.A_Rsa,GB
Ecca Vandal,AU
Ed Sheeran & Justin Bieber,GB
Wiktoria,SE
Mr. Naisgai,UNKNOWN
Sexyy Red,US
Kendrick Lamar,US
Almighty,GB
Eze Remix,LV
Alli Neumann,DE
Los del Control,ES
AGAB,UNKNOWN
Dhvani Kailas,UNKNOWN
Naqua SA,US
Zdechły Osa,PL
Cheatz,UNKNOWN
GReeeeN,UNKNOWN
Rex Orange County,United Kingdom
小阿七,JP
NOTD,SE
Rocco Hunt,IT
Lele Blade,IT
Sjava,ZA
Sha Sha,KR
Riton,GB
Sara Kurt,US
Hadise,TR
Usimamane,UNKNOWN
Drumonade,UNKNOWN
yungest Moonstar,IT
Prodmonja,UNKNOWN
Rich The Kid,US
Demi Lovato,US
Sting,United States
GReeeN,DE
Ajebo Hustlers,UNKNOWN
NEEKA,BE
Hunny,UNKNOWN
花譜,JP
Disco Lines,US
Bill Withers,US
9lokknine,US
Heuss L'enfoiré,FR
Zakes Bantwini,UNKNOWN
Kiko el Crazy,DO
Luis R Conriquez,UNKNOWN
Tito Double P,Mexico
Menor Nico,DE
Sumpa,UNKNOWN
Anand-Milind,IN
Mc Davi,BR
Sıla,TR
2115,PL
i-dle,KR
Juno,South Korea
Justin Bieber,CA
Varun Dhawan,IN
FAST BOY,UNKNOWN
Happy Jazzman,UNKNOWN
KÖK$VL,UNKNOWN
Jay Park,US
Chinmayi,UNKNOWN
Lucassi,UNKNOWN
Fleeky Bang,UNKNOWN
Kevin o Chris,BR
Tobal Mj,UNKNOWN
Don Omar,PR
DJ Patrick Muniz,BR
Dadi,FR
Yuki Chiba,JP
Aya Nakamura,FR
Sa4,UNKNOWN
Ché Salah,UNKNOWN
Interplanetary Criminal,United Kingdom
Tim Bendzko,DE
5 Seconds of Summer,AU
Scorpion Gang,US
Baby S.O.N,US
Big Soto,GB
Server Uraz,TR
Aṣa,NG
JEREMIAS,UNKNOWN
Adrian L Santos,UNKNOWN
LA YOUNG,CA
Thalapathy Vijay,UNKNOWN
Andy Grammer,US
Ceeka RSA,UNKNOWN
Steve Lacy,US
Smolasty,PL
Dardust,IT
Ved Sharma,IN
Gustavo Mioto,BR
Skye Newman,US
Kartky,PL
Cairo,UNKNOWN
Whitney Houston,US
Sumit Goswami,UNKNOWN
Accaoui,UNKNOWN
girl in red,NO
Kaydy Cain,ES
Clairo,US
Sid Sriram,IN
Arem Ozguc,UNKNOWN
Dejinha,BR
Pk,US
The Returners,GB
HENTAI SHINSHI CLUB,GB
Vio,US
INMAN,UNKNOWN
Charlotte Cardin,Canada
RUFUZ,PL
Melissa Horn,SE
Shellerini,PL
Hunter,Australia
José José,MX
Maanu,India
Flo Milli,United States
Semicenk,TR
Lous and The Yakuza,BE
Pablo Paz,JM
DJ Miller Oficial,US
Malu,ES
Berk Baysal,TR
Isadora Pompeo,BE
rusowsky,ES
Kasango,UNKNOWN
Simone Mendes,US
Bailey RSA,US
Qing Madi,NG
Montez,US
Onur Can Özcan,TR
imase,JP
Kunmie,UNKNOWN
Indraneel,UNKNOWN
KATSEYE,US
Jairo deRemache,ES
Bozza,DE
Eurosoundz,UNKNOWN
Kew,Wales
Yebba,US
Funzo & Baby Loud,UNKNOWN
Mia Julia,DE
Mankirt Aulakh,IN
Zeh McGeba,ZA
INNA,RO
Astro,JP
Funda Arar,TR
Mañas Ru-Fino,UNKNOWN
Keskin,UNKNOWN
Osquel,UNKNOWN
Katy Perry,US
NBLNATION,UNKNOWN
Mavo,UNKNOWN
Leah Kate,United States
Nessi,Germany
Chris Stapleton,US
Uriel Lozano,AR
ANOTR,UNKNOWN
El Reja,UNKNOWN
Steve Aoki,US
IZA,Mexico
mikipublicenemy,UNKNOWN
Omar101,UNKNOWN
Belinda,US
Colde,KR
SUGA,UNKNOWN
CJ,BE
DJ Bel da CDD,BR
Juhn,PR
HUNTR/X,UNKNOWN
Sobel,PL
The Neptunes,GB
Seafret,GB
XROSS,UNKNOWN
Crissin,CO
Young Nudy,United States
Sachin-Jigar,UNKNOWN
Karetta el Gucci,UNKNOWN
Milo j,GB
thiarajxtt,UNKNOWN
$kyhook,UNKNOWN
Vitão,Brazil
Dj Gabriel do Borel,UNKNOWN
papi_sa,US
BIGDA,UNKNOWN
Mansur Ark,TR
EltonK,UNKNOWN
Loona,NL
Lonzo,Germany
Alef Donk,BR
Rogerinho,Brazil
Drip Gogo,GB
Kenny Die,DE
meLLo,US
Lukas Graham,DK
嘿人李逵Noisemakers,UNKNOWN
ART,US
Gazzelle,IT
MINO,FR
MC Tuto,BR
Jorja Smith,GB
VAMERO,DE
ZAYN,UNKNOWN
Yung Hurn,AT
Pop X,US
Sonoko Inoue,JP
Davi Kneip,BR
Neton Vega,UNKNOWN
Chencho Corleone,PR
Saucy Dog,JP
Stray Kids,KR
Le Winter,US
Joel Corry,United Kingdom
DJ Anderson França,US
J. Eskine,GB
Deep London,GB
Rosc,UNKNOWN
ARIZONATEARS,UNKNOWN
Matt Sebastian,DE
MC STAN,US
SB Maffija,UNKNOWN
DJ Craig Gorman,UNKNOWN
Sammy,US
Kaique e Felipe,UNKNOWN
Jamie Miller,US
DobleP,AR
Lola Indigo,ES
Taxi B,US
Melim,BR
0-600,AR
Mitraz,IN
Mc Duzinho SP,UNKNOWN
OBOY,UNKNOWN
Post Malone,US
JC Reyes,Spain
Dizzy,US
Niky Savage,Italy
Alisha Chinai,IN
Sukima Switch,GB
Melody Records International,UNKNOWN
Joseph Kamel,AT
Dj Exit_sa,US
DEAN,US
Amo988,UNKNOWN
Kevi Jonny,AT
Gaeko,South Korea
Ezequiel Y La Clave,US
Alle Farben,DE
ZZ,US
Tropical Soldiers in Paradise,UNKNOWN
Kpoint,FR
Dev Chouhan,US
Gaia,United States
Tomb,UNKNOWN
Marília Mendonça,BR
Juan Magán,ES
Sonus030,DE
Beach Weather,US
The Paul,GB
Dearson,UNKNOWN
Anis Don Demina,Sweden
MC M10,BR
BLESS THE GENTLEMAN,GB
UNjoko,UNKNOWN
SABRI,XK
Mas Musiq,ZA
Stefano Lentini,IT
Sekko,Japan
Sir Mich,GB
Adassa,US
Reeplay,Nigeria
Sandeep Shrivastava,IN
C.R.O,DE
Djo,US
yangskinny,UNKNOWN
Ovy On the Drums,CO
Amit Trivedi,IN
Mert Kıyak,UNKNOWN
Ashe,US
Asal Kolaar,UNKNOWN
DJ DAVI DOGDOG,UNKNOWN
Mc Robert,DE
TWENTY SIX,US
Octavio Cuadras,UNKNOWN
The La Planta,UY
yuji,MY
Mc Negão Original,BR
Yoru no Hitowarai,UNKNOWN
Sweta Chauhan,IN
Danny Saucedo,SE
Azzi Memo,Turkey
Andrés Cepeda,CO
Tumelo_za,ES
RIN,JP
Tęgie Chłopy,PL
Alfredo Olivas,MX
Monet192,Switzerland
Joé Dwèt Filé,FR
Lenny Santos,US
Tedua,IT
Queen,GB
Clueso,DE
RaiNao,UNKNOWN
Dolu Kadehi Ters Tut,TR
Mala Rodríguez,ES
SHDØW,PL
Bartek Kubicki,PL
Mena Massoud,Canada
AFROJACK,NL
Taaruk Raina,India
Geegooin,KR
Chino Pacas,MX
Mr Diego,US
Mc Lekão,BR
Anantha Sriram,UNKNOWN
Szczepan,UNKNOWN
Roh Yun Ha,KR
Kvng Vinci,IT
Andrezin Araújo,ES
Polak GBP,GB
Kinny Zimmer,US
SANTA,FR
Suwal,PL
King P,US
Delacruz,BR
Producent Adam,PL
Rod Wave,GB
Buzzi Lee,US
Zeina,CA
Hyder Dar,UNKNOWN
Soso Maness,France
Siyam,TR
Dau,FR
Popek,FR
Hungria,UNKNOWN
Crush,US
Mika Singh,GB
Ece Seçkin,TR
Vytinho NG,BR
Zion,US
LUDMILLA,BR
Beyoncé,US
Baby Momo,US
Simone & Simaria,BR
Reyn,UNKNOWN
Drunken Masters,DE
Menor MC,BR
alPeDue,UNKNOWN
Alessandra Amoroso,IT
MK no Beat,BR
Fred Rabe,US
mgng,PL
MC Tairon,BR
D-Ross,US
FLEM KGB,UNKNOWN
League of Legends,UNKNOWN
D.O.,JP
Mc guizinho niazi,BR
BUNT.,DE
Wes,US
Blacko SA,FR
Shiro,JP
Yo Yo Honey Singh,IN
Naps,FR
Michelle Maciel,DE
TRIANGLE DES BERMUDES,UNKNOWN
Xand Avião,BR
Rombai,UY
Dynamicduo,UNKNOWN
Fernando & Sorocaba,BR
Smarki Smark,PL
Benny Benassi,IT
Hozier,IE
Flor Alvarez,PR
ZICO,KR
MC Du Black,BR
Frah Quintale,IT
Shree Brar,India
Therapie TAXI,UNKNOWN
Sithara Krishnakumar,IN
Uru,JP
8belial,UNKNOWN
Şehinşah,TR
Kaza,France
Sintapia,UNKNOWN
Ken Carson,GB
Lil Tecca,US
Wolker,BE
Ana Guerra,ES
EMPIRE,DE
Shenge wasehlalankosi,UNKNOWN
Skepta,GB
Marcus & Martinus,NO
Adamlar,TR
Defkhan,DE
RIVALZ,FI
Dani Faiv,IT
Ofenbach,FR
NSG,UNKNOWN
DJ Ari SL,CH
Master KG,ZA
HOMIES,KR
MC L da Vinte,BR
El Bogueto,Mexico
yama,JP
The NGHBRS,GB
Bielzin,UNKNOWN
Slings,IT
Sanju Rathod,India
SAMI,PK
Topo La Maskara,DO
treamiboii,DE
OsTEKKe,DE
Luca-Dante Spadafora,DE
Manoj Muntashir,IN
Max Carra,IT
Ida-Lova,Sweden
Fedez,IT
Nocny,PL
Nines,GB
Mc Anjim,UNKNOWN
PRINC€,RS
Yung Snapp,Italy
Kidd Keo,ES
YY,CA
Tegi Pannu,UNKNOWN
Dwa Sławy,PL
Jaques Raupé,UNKNOWN
Agustín Casanova,UY
Kaká e Pedrinho,BR
El Joan,US
The Marías,GB
Dj Chadin do C,BR
Mara Sattei,IT
Eemoh,UNKNOWN
8LOOM,JP
King Promise,US
Mc Rennan,UNKNOWN
Ami Faku,ZA
Mahoota,ZA
Yasin,Sweden
Bené,BE
Yüzyüzeyken Konuşuruz,TR
Noemi,IT
Vivek,India
Yener Çevik,TR
Riky Produce,US
Jão,BR
VMZ,BR
Jaxomy,Germany
KiiiKiii,KR
Fridayy,UNKNOWN
Sarah Connor,DE
Wejdene,FR
Dímelo Flow,JP
Mathea,AT
R-Bee,US
Haider Ali,United Kingdom
Flora Matos,Brazil
Lowsheen,ZA
Ed Maverick,GB
Tay Kewei,Singapore
Nullzweizwei,UNKNOWN
George Ezra,GB
23,Sweden
Danya Devs,UNKNOWN
Tone Sekelius,SE
ONIRIA,ES
Brendon Urie,US
Zac Brown Band,US
T-Man SA,GB
Ati242,TR
Haaland936,UNKNOWN
Emrah Karaduman,TR
mc pl alves,BR
Macky,Japan
Özkan Meydan,FR
Soushi Sakiyama,Japan
Banfy,UNKNOWN
HA SUNG WOON,NO
AiNA THE END,GB
RONNY J,GB
Kenshi Yonezu,Japan
Smith & Thell,SE
Kausar Munir,IN
Naledi Aphiwe,ZA
UMI,UNKNOWN
Rossi.,IT
Liilz,UNKNOWN
Bontle Smith,US
Daria Marx,France
Casper Magico,PR
Ankit Tiwari,IN
King Monada,US
Shane Codd,Ireland
Edgardo Nuñez,UNKNOWN
Rozz Kalliope,UNKNOWN
Igor Herbut,PL
Volkan Konak,TR
Sodré,BR
Dladla Mshunqisi,ZA
Limit Nala,UNKNOWN
DJ Maphorisa,ZA
Muşta,FI
WizTheMc,Germany
Rito Riba,UNKNOWN
sanah,PL
Chiko,DE
Trill Pem,PL
Marco Mengoni,IT
Easykid,UNKNOWN
DJ Tarkan,TR
Ericson,SE
Metro Boomin,US
Kendimden Hallice,TR
Halsey,US
Mares,SE
Shankar-Ehsaan-Loy,IN
Devika Badyal,UNKNOWN
Jobe London,GB
UZI,US
Auer,DE
Trevor Daniel,CA
Kiełas,PL
JIKIJIKI,UNKNOWN
Alessandra,IT
Drenchill,PT
wxrrior,PL
Sandro Cavazza,SE
Cem Adrian,TR
Poison Beatz,US
Smur Lee,US
Hande Ünsal,TR
Blaiz Fayah,UNKNOWN
K y B,UNKNOWN
Nico K.I.Z,DE
Irshad Kamil,IN
Mc Vitin Da Igrejinha,BR
Nadeera,UNKNOWN
Tyga,US
Phenom,US
Bandura,UNKNOWN
EPIC DJ,US
Mehmet,TR
Wowo,UNKNOWN
The Temper Trap,AU
Kaaris,FR
MYKKA,UNKNOWN
Schwesta Ewa,Poland
BLANKA,UNKNOWN
Chucky73,UNKNOWN
Taylan Kaya,JP
P!nk,US
Unleaded,UNKNOWN
Jay Sax,US
Ghali,Italy
Rap La Rue,US
Jemsii,Indonesia
Kelsea Ballerini,US
John Lundvik,US
Kuki,PL
Charan,India
Genezio,FR
Mduduzi Ncube,ZA
DARK HORSE,US
Lalit Sen,India
The Goo Goo Dolls,US
Baby K,GB
Peter Schilling,DE
Saliwa,UNKNOWN
Nerd Connection,KR
Diel Paris,AR
Naira Marley,JM
Royal MusiQ,GB
Bru-C,FR
DJ Premier,United States
Sohail Sen,IN
Mvelost,UNKNOWN
Kosa,PL
JS o Mão de Ouro,UNKNOWN
Derya Uluğ,TR
Yuridia,MX
Lil Yachty,US
Carola,FI
XXXTENTACION,US
27.Fuckdemons,PL
Dj Chris No Beat,BR
Original Quality,JP
Zen-G,DE
Hell Raton,IT
Alico,TR
BNXN,NG
MC Jvila,RU
Cici,CN
İzel,Turkey
Bilal Sonses,TR
Chris MC,US
Oskar83,UNKNOWN
Kushagra,UNKNOWN
La Arrolladora Banda El Limón De Rene Camacho,UNKNOWN
Ekin Uzunlar,TR
SHUNE,IT
Jerome,FR
samUIL Lee,US
Tonino Baliardo,FR
Męskie Granie Orkiestra,PL
Ringnes-Ronny,Norway
AM La Scampia,France
ClockClock,DE
Baron,ES
C4 DJs,GB
BabyTron,US
KAMRAD,DE
Manuellsen,DE
HVZX,PL
A7S,SE
Swedish Jam Factory,US
KIID,UNKNOWN
Słoń,PL
Renzo ED,GB
El Bird,US
Agbe,UNKNOWN
NLE Choppa,US
PsychoYP,Nigeria
JISOO,KR
A36,SE
Vale Pain,SE
Myd,FR
Moneybagg Yo,US
Murat Boz,TR
René Miller,US
Masked Wolf,DE
Teto,JP
MC Cothiê,RU
Trois Cafés Gourmands,UNKNOWN
Mc Brinquedo,BR
Tokischa,DO
Lexa,BR
Mae Stephens,United Kingdom
Zendaya,US
reezy,DE
MC Pipokinha,BR
Super Yei,PR
Eve,JP
Salmo,IT
João Gomes,BR
GP Explorer,UNKNOWN
Dj Lux,UNKNOWN
Fresto Music,GB
Loredana,IT
Bryn Christopher,US
Dawid,PL
Veigh,Brazil
J. Cole,GB
Kapo,Jamaica
Jiyo,DE
¥$,US
Dosseh,FR
MadMan,IT
Mae Muller,United Kingdom
MC Nego Micha,RU
Oliver Heldens,NL
Milky Chance,DE
Nanette,CA
MAN WITH A MISSION,JP
Towy,UNKNOWN
Carlos Rivera,AR
Don Joe,GB
DJ RD,CH
Doode,UNKNOWN
Haze,GB
Jiggz,SE
Vaundy,JP
Hotkeed,UNKNOWN
Mozzy,United States
Lewis Capaldi,GB
Shreya Ghoshal,IN
Super Subu,UNKNOWN
Young Igi,CA
Świeży,UNKNOWN
MAMAMOO,KR
Nushrratt Bharuccha,India
Illy,AU
Milonair,Germany
Khadeair,UNKNOWN
Number_i,JP
FloyyMenor,CL
Maria Becerra,AR
Armani White,US
Julien Doré,FR
Mc Gw,BR
Eix,UNKNOWN
AKMU,KR
Tanishk Bagchi,IN
Dexta Daps,JM
Sura İskenderli,IT
Shakira,CO
HVME,ES
Europa,IT
DA Uzi,US
Adriel Favela,US
Marteria,DE
Mc Kevin,US
Bosh,FR
Julión Álvarez y su Norteño Banda,MX
Youzie,UNKNOWN
Can Koç,DE
David Bisbal,ES
Joji,US
Ceren Sagu,TR
NewJeans,KR
Beast Rsa,UNKNOWN
Guru Randhawa,IN
Mackenyu Arata,US
KEVIN WOO,UNKNOWN
Clinton Kane,AU
Alvaro Estrella,SE
Guaynaa,PR
Luiz Lins,BR
Em Beihold,US
Estevan Plazola,UNKNOWN
VHS,UNKNOWN
Frenetik&Orang3,IT
ILLIT,KR
6LACK,US
Sunday Service Choir,US
Jasbir Jassi,IN
Lotusx,UNKNOWN
Anastasio,US
Chelsea Cutler,US
Hurts,GB
FSK SATELLITE,IT
Vijay Deverakonda,IN
Zara Khan,US
Willy William,US
Adèle Castillon,FR
Boomdabash,IT
Kwiish SA,US
kent,SE
Miranda!,US
MC Menor MT,BR
Latinnites Music,GB
Thiaguinho MT,BR
Soner Sarıkabadayı,Turkey
G.A,PL
Von Disco,AT
Max Pezzali,IT
Obeey Amor,ZA
DJ Guh Mix,CN
Finesse,US
Tulsi Kumar,IN
Fred again..,GB
Z.E,BR
Kwiat Jabłoni,PL
Purnachary,UNKNOWN
Geolier,Italy
Ipsitaa,UNKNOWN
San Andreas,DE
Budda,UNKNOWN
MC Bruno MS,UNKNOWN
Dj Salgueirinho,CH
Miano,UNKNOWN
Luciano,IT
Afusic,UNKNOWN
Ren Ran,US
Serge Ibaka,FR
Hades66,UNKNOWN
MC Cabelinho,BR
AKASAKI,JP
Jesús Reik,MX
Disturbed,US
Manu Gavassi,BR
FUJU,UNKNOWN
Kris R.,US
King & Prince,JP
Dj GBR,BR
Ion Miles,US
EXO,KR
DISH//,US
Saja Boys,US
CAPO,DE
Cosang,UNKNOWN
Keinemusik,UNKNOWN
Cornelia Jakobs,DE
Lefa,FR
Lil Durk,US
Dayme Beats,UNKNOWN
Asim Azhar,UNKNOWN
Priya Mali,IN
Lou Garcia,US
Scotts Maphuma,ZA
No Limit,Belgium
Pushi,United States
Dj Olliver,CH
Sargun Mehta,India
Low Kidd,Italy
Paul,GB
Chris Jedi,United States
Tujamo,Germany
Curtis Waters,US
Wiley,GB
TpZee,ZA
Louis Villain,France
Juss,UNKNOWN
Thomie,BR
LSD,UNKNOWN
NATTI NATASHA,DO
Baby Keem,US
Optimist Music ZA,UNKNOWN
Shouse,UNKNOWN
Meno Saaint,UNKNOWN
Giaime,IT
LA$$A,NO
TV Girl,US
DBN Gogo,South Africa
Gaba Cannal,ZA
Dave,US
Emeli Sandé,GB
Aden,US
Idris Elba,United Kingdom
Yeat,US
Aissa,ES
Jinu,United States
t-low,GB
niteboi,UNKNOWN
Damas Gratis,AR
Muti,IT
Drizzy Sam Rsa,US
Sena Şener,TR
ERNEST,US
YV,UNKNOWN
Mabel,UNKNOWN
Sheena Ringo,GB
Duit,PL
The Kolors,GB
Batuflex,TR
J Balvin,CO
BKE,CA
NIKOŚ,NZ
Babbu Maan,IN
Rudimental,GB
Miszel,UNKNOWN
Didi,RU
Umafikizolo,UNKNOWN
AriBeatz,DE
Michelle Williams,US
Eeque,ZA
Tempoe,UNKNOWN
Edu García,US
Mr. Maker,US
Creeds,France
Ski Mask The Slump God,US
Gow Tribe,UNKNOWN
Dan + Shay,US
Gurdeep Mehndi,UNKNOWN
LF SYSTEM,UNKNOWN
JO1,JP
Imanbek,Kazakhstan
Ski Aggu,DE
Priestess,Italy
Drake,CA
Lauv,US
DrefGold,IT
Attachingboy,FR
Swanand Kirkire,IN
K1 De Ultimate,NG
2vlnys,UNKNOWN
LIT killah,UNKNOWN
Emanero,Bolivia
Boney M.,DE
Eladio Carrion,PR
SCARLET,GB
Neutro Shorty,VE
GENZIE,PL
LIAMOO,SE
$uicideboy$,US
Neelo,Pakistan
Cyfred,UNKNOWN
Karan Sehmbi,IN
Mc Magrinho,BR
Azer Bülbül,TR
KronoMuzik,BE
Pyrex,IT
Da Muziqal Chef,UNKNOWN
Olamide,Nigeria
Ty Dolla $ign,US
Kuba Galiński,PL
Arman Aydin,UNKNOWN
Bhavi,AR
Gur Sidhu,India
El Guincho,ES
Worek,PL
Thabiso Lavish,UNKNOWN
Endor,GB
Nissy,JP
T.I BLAZE,US
Kocchi no Kento,Japan
Gemitaiz,IT
Reynmen,TR
Sam Kim,US
Bharath,India
Aden x Asme,SE
Grupo Los de la O,UNKNOWN
Lily-Rose Depp,US
Luis Alfonso,AR
DJ Alex,CH
Jombriel,UNKNOWN
Fukaj,Poland
NMIXX,KR
De La Ghetto,PR
Haikaiss,BR
Raff J.R.,PL
Ant Saunders,US
Rapposaurus Rex,GB
Tate McRae,Canada
Gentle Bones,GB
Nuka,NC
Seu Jorge,BR
ROA,KR
Kubańczyk,PL
K.I.Z,UNKNOWN
Sunanda Sharma,IN
Dj Sati Marconex,BR
MC Thaizinha,RU
SHINee,KR
Zinoleesky,Nigeria
Lawd Weezy,UNKNOWN
Jon Henrik Fjällgren,SE
Rippy Grewal,UNKNOWN
Gorillaz,UNKNOWN
Sevek,Poland
Phemelo Saxer,UNKNOWN
Elettra Lamborghini,IT
Monk,US
Linda Pira,US
Kylie Minogue,AU
Maninder Buttar,UNKNOWN
Lil Lano,US
Kenny Mason,US
SEVENTEEN,KR
Kolo,UNKNOWN
Bruno Mars,US
Kungs,FR
Josas,UNKNOWN
Faheem Abdullah,India
Paris Boy,US
Small Jam,US
Lvbel C5,TR
Manuel Turizo,CO
Loeil,UNKNOWN
La Contra,UNKNOWN
Havana Brown,US
Benji & Fede,IT
J Abdiel,GB
iann dior,US
T3R Elemento,MX
DaBaby,US
Leiva,ES
Mirac,TR
Madonna,US
Marracash,IT
BHZ,UNKNOWN
Tony Dize,US
Kool Savas,DE
Sje Konka,UNKNOWN
CHANMINA,UNKNOWN
Canbay & Wolker,TR
Kalazh44,UNKNOWN
BROKIES,UNKNOWN
King WaveMusiq,US
Jungeli,FR
ROMANOS,UNKNOWN
Rin音,JP
Soley,IS
Tymoteusz,PL
Tony Aguirre,US
Caeser,UNKNOWN
Mankay,UNKNOWN
Daniel Adams-Ray,SE
Klaze & Eztylo,PR
Sigala,GB
Normani,US
Tom Zanetti,UNKNOWN
Varun Jain,France
DON MALIK,US
Atitude 67,BR
ATL Jacob,UNKNOWN
Carín León,MX
TKS 2G,FR
Jerry Di,US
bees & honey,UNKNOWN
MC Guh SR,BR
Qadir Khan,US
dj sv,CH
Nizi19,UNKNOWN
Lucky Brown,US
MC Bin Laden,UNKNOWN
TALK,GB
Skechi,ES
Charlie Charles,US
Dj Vitin do Pc,BR
Beéle,CO
Mert Şenel,TR
Michou,CA
Tancredi,IT
Tuti DJ,CH
Mc Menor Thalis,UNKNOWN
Ali Gatie,CA
Mordecai,UNKNOWN
Basetsana,ZA
Sizwe Nineteen,US
CA7RIEL & Paco Amoroso,UNKNOWN
Pablito Pesadilla,UNKNOWN
Blxckie,ZA
Kendji Girac,FR
Q' Lokura,AU
TkN,UNKNOWN
yung kai,DE
ツミキ,JP
Ghost,SE
MC Roger,GB
Kezah,France
Marita,FI
Amel Bent,FR
Borges,BR
John Amplificado,US
BEJO,ES
Maciej Maleńczuk,PL
NIKI,ID
Toby Romeo,US
Lia Lindstén,JP
FMK,Argentina
Jason Derulo,US
Silent Addy,UNKNOWN
Obie Wanshot,AR
El Chachito,MX
Koba LaD,FR
もさを。,JP
Leo Ieiri,FR
Derya,DE
Zion.T,KR
Cris MJ,CL
BNP,UNKNOWN
Mc Daniel,AR
GOLEC UORKIESTRA,PL
Grand Corps Malade,FR
Tiziano Ferro,IT
Coma_Cose,IT
Yapi,Indonesia
Juan Casanova,AR
Bedoes 2115,PL
Melendi,ES
De Rose,US
Alligatoah,DE
Borqy,UNKNOWN
Baddiel,GB
Ryflo,UNKNOWN
Victor Leksell,SE
Papichamp,AR
Mellow D,US
MC PH,BR
Irmak Arıcı,TR
Raghav Chaitanya,IN
Raj Shekhar,India
Asche,DE
flumpool,JP
Royel Otis,UNKNOWN
Amarabha Banerjee,UNKNOWN
Azet,DE
Pooh Shiesty,US
Prod Malax,UNKNOWN
Shashwat Singh,IN
Malibu,FR
Mc Magal,BR
Houari,France
Fanny Avonne,UNKNOWN
Lanberry,PL
Gurlez Akhtar,India
Schmyt,DE
Chris Brown,US
Chase & Status,GB
Victor Cardenas,CO
Kubilay Karça,NL
Nacho,Spain
Billie Eilish,US
GRACEY,GB
Diane Guerrero,US
Mambo Kingz,PR
Sech,PA
JBS,DE
Kalwi & Remi,PL
Ruel,AU
Azana,South Africa
Tekno,Nigeria
Yorssy,FR
Critical,NL
Boy Spyce,UNKNOWN
Heredero,CO
La K'onga,AR
Thaman S,IN
Grupo Frontera,United States
Silas Africa,ZA
FOLA,Nigeria
Emilio,BR
Oki,Japan
Headie One,GB
Olivetheboy,GH
Chivas,PL
Drumla,DE
Camille Lellouche,FR
Gusttavo Lima,BR
Ice Beats Slide,UNKNOWN
Canozan,TR
ORO600,UNKNOWN
Sean Paul,JM
Anandelight,South Korea
Rochy RD,DO
Rochak Kohli,IN
Nerissima Serpe,IT
Dj LK da Escócia,BR
Hanybal,DE
Cigarettes After Sex,US
BeMelo,UNKNOWN
18 Karat,DE
Ovy On The Drums,CO
Dzo 729,UNKNOWN
Evinha,BR
Dj Moscow,CH
Dajczman,UNKNOWN
SDM,FR
Matute Boy,US
JEON SOMI,KR
Aaron Modesto,US
SUDA MASAKI,JP
Grelo,Brazil
Snow,US
Bruno Cardoso,IT
FABE BROWN,US
Cheu-B,UNKNOWN
Wizkid,NG
Apache 207,DE
Japãozin,BR
Masinga Sgqoko Sembongolo,UNKNOWN
Elams,FR
bryska,PL
Easy,SE
Teko Bolado,BR
Guy Sebastian,DE
Angekebabuye Mc,RU
Ninho,FR
Sabrina Carpenter,US
Reekado Banks,NG
Aaron Smith,US
Big Nuz,ZA
Veysel Mutlu,DE
Yeison Jimenez,CO
Mozzik,XK
S1mba,United Kingdom
Dobry Dzieciak,UNKNOWN
Jung Kook,KR
KAESTYLE,UNKNOWN
MONGOL800,JP
Winona Oak,SE
Capital Bra,DE
Sillyelly,IT
Hava,DE
Bayor,DE
RIDSA,FR
Mariah Angeliq,US
Al Xapo,UNKNOWN
Matheus Fernandes,Brazil
Cotorra Music Grup,GB
Ama Avenger,UNKNOWN
SuperJonny,UNKNOWN
Bigla The Kid,US
Soweto Gospel Choir,ZA
Viru Kumbieron,AR
Morad,ES
Vulela Maweekend,UNKNOWN
Ocean Alley,GB
Fabri Fibra,IT
Trei Degete,FR
SecretiveSuicide,PL
Regard,Kosovo
Sleazy,UNKNOWN
DJ Kaioken,CH
Coez,IT
Pinguini Tattici Nucleari,IT
Mc IG,BR
Rancid Eddie,AU
Fatma Turgut,TR
Miroff,PL
La rappresentante di lista,IT
Jerry Smith,US
Thrife,SE
Dudi,PL
centomilacarie,UNKNOWN
Diljit Dosanjh,IN
Neima Ezza,IT
Ayaz Erdoğan,TR
Marcus,DE
MC Hariel,BR
Tyler,GB
Rauf & Faik,RU
Guzowianki,PL
Aymen,DE
Mustafa Zahid,PK
Rahat Fateh Ali Khan,PK
Artemas,GB
Mnotho Majola,UNKNOWN
Phontana,Argentina
Sofie Svensson & Dom Där,SE
MamboLosco,IT
Javed Ali,IN
Vijay,US
Niklas Dee,US
Alişan,TR
Salastkbron,AR
Mc Laranjinha,UNKNOWN
Cyril Kamer,Spain
Pritam,IN
Sarius,Poland
Daddy Yankee,PR
ZANA,UNKNOWN
Orochi,JP
Potter Payper,United Kingdom
Imen Es,France
Mark Neve,GB
Atif Aslam,PK
Badshah,IN
Dj Tearz,CH
THE BOX,GB
Kali Uchis,US
Sfera Ebbasta,IT
Talwiinder,UNKNOWN
Nekfeu,FR
Young Earth Sauce,UNKNOWN
Khanyisa,South Africa
Choir,GB
White Widow,US
Adriana Proenza,UNKNOWN
Belén Aguilera,US
Moha K,GB
Mr.Children,JP
Ventura,DO
Brothers,US
La Fouine,FR
OG ENZO,FR
Coi Leray,US
Tesher,Canada
Kamoh Xaba,UNKNOWN
Zé Neto & Cristiano,BR
YUNG SAINT PAUL,UNKNOWN
Jess Glynne,GB
DJ Tunez,CH
DJ PEPI,CH
Charlie KDM,US
Yumbs,UNKNOWN
Lynyrd Skynyrd,US
Bugzy Malone,GB
Paulo Pires,Portugal
Pineapple StormTv,BR
bnkr44,IT
Logos olori,UNKNOWN
Fer Vazquez,MX
Dynho Alves,Brazil
Kuv507,UNKNOWN
Mc Mika,GB
Meet Bros.,GB
Xiara,DE
Mr.Rain,UNKNOWN
Max e Luan,BR
Roy Bianco & Die Abbrunzati Boys,DE
Rudeboyz,ZA
Tani Yuuki,JP
Viki Gabor,PL
Didomido,TR
MC Willian,RU
Soulful G,DE
MC Kevin o Chris,BR
Shashaa Tirupati,Canada
Felipe Araújo,BR
Youngn Lipz,Australia
El Fantasma,MX
Clara Mae,SE
HARLOE,US
和ぬか,JP
Ritviz,UNKNOWN
Rovalio,UNKNOWN
RÜFÜS DU SOL,AU
Olly,GB
Baani Sandhu,India
ZOT on the WAVE,JP
Inderpal Moga,UNKNOWN
Yeri Mua,Mexico
Arizona Zervas,US
Chley,UNKNOWN
Kay D,US
Dr Skaro,US
YARSKI,PL
Shamur,UNKNOWN
Dilsinho,BR
Hilary Incognito,GB
Bastille,GB
Radiohead,GB
Kelly Ruíz,US
Yoss Bones,Mexico
JAZN,DE
Rooh Sandhu,UNKNOWN
aespa,KR
Mc Leozin,UNKNOWN
Dj Yo!,MU
卢卢快闭嘴,CN
badchieff,DE
Kevin Kaarl,MX
Rubi,DE
Vajid Ali,UNKNOWN
Jon Z,US
Nate57,Germany
Sachet-Parampara,IN
Ángela Aguilar,MX
Sirdav,UNKNOWN
Simar Kaur,UNKNOWN
PIH,PL
Colapesce,IT
CALO,AR
Tom Grennan,GB
Divya Kumar,IN
Cian Ducrot,Ireland
*NSYNC,US
Eno,GB
TEDE,PL
Reece Madlisa,ZA
MaWhoo,ZA
Junior H,US
Xolly Mncwango,UNKNOWN
Angel Almaguer,IL
Willie Peyote,US
Henning May,SE
dutchavelli,UNKNOWN
Uchana Amit,UNKNOWN
noll2,SE
Don Diablo,NL
Daviles de Novelda,UNKNOWN
Madfingerz,IT
tarisiix,UNKNOWN
Kerimcan Durmaz,TR
Afra,JP
Wanda i Banda,PL
Dreamville,US
Ggoldie,ZA
DJ Kent,SE
Macaroni Empitsu,TH
Kako,UNKNOWN
Omar Montes,GB
Noah Kahan,US
Biggie68,DE
The Rish,GB
Tahribad-ı İsyan,IT
Creepy Nuts,JP
MC Ysa,FR
Kaya Giray,JP
张远,HK
DJ Di Marques,CH
MoTrip,DE
Toosii,US
Malachiii,UNKNOWN
Jimmy Guzman,JM
Victor Valverde,UNKNOWN
Lérica,ES
Anderson .Paak,US
Bebe Rexha,US
Swae Lee,US
Mc Livinho,BR
SEULGI,KR
Daylyt,UNKNOWN
CLMD,UNKNOWN
Çağla,UNKNOWN
Blaq Diamond,US
Navos,United Kingdom
Anita Lipnicka,PL
Panter Bélico,UNKNOWN
Lowfeye,ZA
BIGKHALID,UNKNOWN
Yeis Sensura,TR
Sertab Erener,TR
Artur Rojek,PL
MC Nito,BR
KOZIKOZA,UNKNOWN
Omah Lay,NG
Pacho y Cirilo,PR
Amir Ameer,UNKNOWN
Llona,Nigeria
Megadrumz,ZA
Ragini,India
PK Delas,BR
Bella Shmurda,Nigeria
ZORZA,UNKNOWN
Bramsito,France
Aydilge,TR
De La Soul,US
Data Luv,UNKNOWN
Slayter,United States
KK,JP
Seda Tripkolic,TR
Owen,US
Lorenzo,GB
Lash curry,GB
Bungee,UY
UNPLG'd,UNKNOWN
K.O,NL
Tay Keith,GB
Miriam Bryant,SE
BUMP OF CHICKEN,JP
Benny Dayal,US
Mavi Gri,TR
MC Davo,MX
ElMalaFama,UNKNOWN
Sami'Kay,UNKNOWN
Joseph Ren,AT
Mismatched - Cast,UNKNOWN
Digital Farm Animals,GB
Noah Cyrus,US
WILDBWOYS,DE
Smash SA,UNKNOWN
Mjolisi,UNKNOWN
Candee,UNKNOWN
Andrew Choi,GB
Josef Bratan,PL
Dhee,UNKNOWN
Nolyrics Beats,PL
1LUM3,Brazil
Interferencias,UNKNOWN
Henric Edström,SE
Shawn Mendes,CA
Russell Zuma,ZA
StaySolidRocky,United States
Alberto,ES
Kukon,PL
Den svenska björnstammen,SE
Green Montana,US
Tebogo G Mashego,DE
Chayanne,PR
Cadet,United Kingdom
Frauenarzt,DE
DJ Gege,UNKNOWN
Kammu Dee,UNKNOWN
Darin,US
Zuma,NO
HBz,UNKNOWN
Tierry,BR
Hayki,Turkey
Asil Gök,UNKNOWN
Nicki Minaj,US
Morgan Evans,US
Ken Hirai,GB
Agnes,SE
Jungle,US
Luis Figueroa,AR
SIRA,DE
Negra Li,BR
GREGO,UNKNOWN
Azzy,BR
Mc Ws da leste,UNKNOWN
bbyclose,UNKNOWN
Paul Woolford,GB
Young Leosia,CA
ZACZAROWANY BURDEL,ES
W Sound,JP
Witt Lowry,US
Os Barões Da Pisadinha,BR
Sifax,FR
Era7capone,TR
JENNIE,KR
Amaal Mallik,IN
Lelo,Brazil
Natalia Szroeder,PL
YoungBoy Never Broke Again,US
Coqeéin Montana,AR
Gordo,US
Young Hash,CA
6YNTHMANE,UNKNOWN
mor ve ötesi,TR
Dj Lv Mdp,UNKNOWN
Rafet El Roman,TR
Residente,PR
The Doorbeen,GB
Lil Uzi Vert,US
Janesh,UNKNOWN
Pol Granch,ES
Ponte Perro,AR
Abhijeet,IN
Ahmad Amin,US
Yuuri,Japan
DAAZ,UNKNOWN
MacG,South Africa
Gaullin,LT
Rosalie.,US
Ronisia,FR
LANY,US
La Cotorrisa,UNKNOWN
Dagadana,PL
Lloyiso,UNKNOWN
Stefy De Cicco,UNKNOWN
GOKO!,UNKNOWN
Fat Les,GB
Pablo Alborán,ES
Chris Viz,GB
Jelly Babie,UNKNOWN
Jasleen Royal,GB
The Neighbourhood,GB
IceTee Beats,UNKNOWN
Sukriti Kakar,India
Feride Hilal Akın,TR
Peter Fox,AT
Chance the Rapper,US
Ezra Williams,US
Nagalli,BR
6PM RECORDS,UNKNOWN
Iskender Paydas,TR
CARA,CA
CatchUp,PL
ICON,US
Zkr,FR
Boontle RSA,UNKNOWN
Miss Li,SE
EJAE,UNKNOWN
Cryzin,UNKNOWN
Kaymor,UNKNOWN
Nandipha808,ZA
Mansur,SE
Morgan Wallen,US
CUTIE STREET,US
Crowded House,AU
Shay,BE
TitoM,FR
Mi Banda El Mexicano,MX
Makhanj,UNKNOWN
CoCo,JP
Travis Barker,United States
Nael,UNKNOWN
Riar Saab,UNKNOWN
PSY,KR
Avery Anna,US
Timon,GB
Flow La Movie,PR
MC Joãozinho VT,BR
Sebastian Lara,DE
Stefflon Don,GB
Murumba Pitch,UNKNOWN
Włodi,PL
Urbanski,UNKNOWN
Nemir,FR
Ana Laura Lopes,BR
DJ Lag,South Africa
Timar,UNKNOWN
Jazeek,DE
DJ LG PROD,CH
Vladimir Cauchemar,FR
LeeHi,UNKNOWN
Swedish House Mafia,SE
Riky Rick,US
Beathoven,AU
DJ Robin,GB
FRNKIE,NL
Sal Da Vinci,NO
Dalex,PR
OHP Sage,UNKNOWN
Hael Husaini,MY
Norlie & KKV,SE
Léo Souzza,FR
Zuna,Germany
Rohini,India
Park Hyo Shin,KR
EAZ,CH
Rahman Jago,IN
Ian Cordova,GB
King Khalil,US
Wincent Weiss,DE
Panic! At The Disco,US
KEZ,DE
SuperM,KR
BoiBizza,UNKNOWN
Peach Tree Rascals,US
Sofi Tukker,US
ilo 7araga,UNKNOWN
Alleh,UNKNOWN
Mc Piedro,BR
Tuszol,UNKNOWN
Duygu Edis,TR
Yamê,FR
Dark Polo Gang,IT
Kim Petras,US
DT.Bilardo,UNKNOWN
SUNMI,KR
Cruel Santino,Nigeria
Nasty C,FR
Mike WiLL Made-It,US
IvanBi,UNKNOWN
Sigrid,NO
PRO8L3M,PL
Mashudu,UNKNOWN
Orso,US
Kevin AMF,Mexico
Xduppy,UNKNOWN
Niklas Strömstedt,SE
Azu,JP
Sam Tompkins,US
Młody West,GB
Nuit Incolore,CH
Lagum,BR
TOMORROW X TOGETHER,KR
Say Yes!,GB
ROBI,BG
Alies,UNKNOWN
Al Records,US
Julian Perretta,GB
Angelina Mango,IT
Robin Schulz,DE
Rajat Nagpal,IN
MC Rick,US
Lucho SSJ,AR
Sebastian Esquivel,DE
Adam Port,Germany
Ahiyan,UNKNOWN
RAF Camora,AT
Xowla,UNKNOWN
Arctic Monkeys,GB
Michael Marcagi,US
ZECCA,UNKNOWN
Juliette,FR
Jona Mix,CN
Kavinsky,FR
The Weeknd,CA
Brandon Dhludhlu,UNKNOWN
Ivan Cornejo,UNKNOWN
Gradur,FR
Puri,UNKNOWN
DJ Dozabri,CH
Madhur Sharma,UNKNOWN
Chike,FI
Tears For Fears,GB
Ellen Krauss,SE
M.M.Manasi,UNKNOWN
Maquiny,UNKNOWN
Par-T-One,GB
Maro Music,GB
The Prince Karma,UNKNOWN
MC Torugo,UNKNOWN
Ketama126,Italy
Tom Morello,US
Ancestral Rituals,CA
Can Kazaz,TR
Keynote,UNKNOWN
Mr. Polska,NL
BSS,UNKNOWN
Loirin prod,UNKNOWN
Fezeka Dlamini,UNKNOWN
Will Smith,US
Ashin Chen,KR
Seekay,UNKNOWN
Reizon,UNKNOWN
Mini Majk,UNKNOWN
Djay W,US
Chuwi,UNKNOWN
Valen,ES
张妙格,CN
6ix9ine,US
EmjayKeyz,UNKNOWN
Mark Forster,DE
El Taiger,CU
KDDO,UNKNOWN
BK,GB
DJ Biel do Furduncinho,BR
Lagique,UNKNOWN
Sem0r,PL
Tananai,IT
maNga,TR
Christian Nodal,MX
SAIKO,CL
The Fusion Project,UNKNOWN
O.G.,DE
BACI,DE
ATB,DE
Nikhil D'Souza,IN
Felix Jaehn,DE
Panetoz,SE
Dj Lc,CH
Kacey Musgraves,US
Lil Nas X,US
Rhove,Italy
Serena Brancale,IT
HY,JP
Bayron Fire,US
MC Xenon,UNKNOWN
Humlan Djojj,UNKNOWN
Dr. Fuchs,US
M.I.A.,United Kingdom
SKUTE BOBO,CH
Eliza Rose,US
The Underdog Project,DE
Oscar D'León,VE
João Gustavo e Murilo,US
MC Rhamon,BR
Wande Coal,NG
C de Cama,FR
Vacra,FR
Ultra Beats,US
Dj Decks,PL
Hommie Dilliwala,UNKNOWN
Nono La Grinta,FR
Ricky Martin,PR
Matheus,BR
Bunny,JM
Gzuz,Germany
David Marley,ES
Venerus,IT
FRANCÈ ZITO,FR
Dj VN Maestro,UNKNOWN
Merveille,BE
Regina Song,BR
Enzo Cello,BR
Samet Kardeşler,IL
AJ Tracey,United Kingdom
Peg Parnevik,SE
Kidd Carder,GB
Rashmi Virag,IN
Hös Copperfield,FR
Jok'air,FR
Thoby Dladla,UNKNOWN
Quavo,US
Nkulee501,UNKNOWN
Sahir,UNKNOWN
Bolaget,UNKNOWN
Young Vene,CA
STAYC,KR
Tee Jay,US
RANI,NL
Aditya Sharma,UNKNOWN
Estani,AR
Yugendran Vasudeva Nair,US
Victor Mendivil,UNKNOWN
HIDE (GReeeeN),JP
DJ Snake,FR
Journey,US
Berq,DE
Lil Pump,US
MC Pê Original,BR
Panda,MX
K-Trap,GB
FANTØM,UNKNOWN
AVA,US
SRNO,GB
Britney Spears,US
twocolors,UNKNOWN
DJ Jeeh FDC,BR
Blaqbonez,NG
BLASÉ,KR
Nilo,IT
Bleu Soleil,FR
Jassi,GB
NAYEL,Pakistan
Quentin40,UNKNOWN
Takura,GB
Robert Wiewióra,DE
Bianca Ingrosso,Sweden
Dj GM,CH
DJ Glenner,CH
Nile Rodgers,US
Vald,FR
Ladé,GB
No Te Va Gustar,UY
Aka 7even,IT
Siddharth - Garima,IN
Cassper Nyovest,ZA
Cengiz Ateş,TR
Camilo,ES
Derya Bedavacı,Turkey
Przemek.pro,UNKNOWN
Manim Vaqueiro,BR
Mnqobi yazo,UNKNOWN
Thama Tee,UNKNOWN
Infinit,UNKNOWN
Diego & Victor Hugo,BR
Casper,DE
Yc,US
WOS,AR
La Dimensión Latina,VE
Robin Rouse,US
Greekazo,SE
Cherish,US
Mfundo Mthiyane,UNKNOWN
Evdeki Saat,TR
wacci,JP
Fireboy DML,Nigeria
姚晓棠,CN
southstar,DE
Santhosh Narayanan,IN
Stylo G,GB
Lil Baby,US
SAFE,UNKNOWN
Krishnakali Saha,UNKNOWN
Ranveer Singh,IN
Yanns,FR
Elvis Crespo,US
Nomfundo Moh,ZA
WenHard,UNKNOWN
Sick Luke,NL
Casar,UNKNOWN
Kronkel Dom,DE
Los Legendarios,PR
Laboratorium Pieśni,PL
Igo,LV
Murat Dalkılıç,TR
Trobi,NL
Ñengo Flow,PR
Tayna,XK
Segah,UNKNOWN
REAL K MFANAKOTA,GB
pluglip,BR
Yung Gravy,US
RoRo,JP
Tom Trigger,UNKNOWN
Spirit Of Praise,UNKNOWN
Alejandro Fernández,MX
Lucas Lucco,BR
Feid,CO
The Blessed Madonna,US
Nawazuddin Siddiqui,India
Bailey,US
King Savagge,US
IGNACY,PL
Airam Paez,AR
Aksan,Indonesia
iñigo quintero,ES
FILLY,UNKNOWN
Can7,UNKNOWN
Conan Gray,US
OIK,BR
Hanna Ferm,SE
Bandokay,GB
Murda,UNKNOWN
L.U.C.,DE
MISIA,JP
Wolfine,CO
Emelie Hollow,Norway
Tom Odell,GB
Faroon,DE
DJ Arana,CH
Ali & Shjr,UNKNOWN
Hannah Boleyn,GB
Mudd the student,KR
Repsaj,BR
Lunay,PR
Wac Toja,PL
Homer El Mero Mero,UNKNOWN
Tjuvjakt,SE
BoyWithUke,US
Naqua,UNKNOWN
Mc Lipi,BR
Dei V,US
Jeez Suave,UNKNOWN
MDU aka TRP,UNKNOWN
DJ Ike,US
STOR,SE
Tracy,US
Mufasa,UNKNOWN
Talia Mar,GB
Jace,US
Ashley O,US
DJ Seneath,ZA
MC Kevinho,BR
Alka Yagnik,IN
Xolani Guitar,UNKNOWN
Mithoon,IN
MACHETE,MX
Silambarasan TR,India
Białas,PL
chillwagon,PL
Awave,SE
Mark Khoza,GB
Jack Sani,UNKNOWN
Henrique & Juliano,BR
Summer Cem,TR
Dr. Yaro,US
emir taha,UNKNOWN
Chus Santana,US
Miguel,ES
Roxie,PL
Ryan Castro,US
Omkar Singh,IN
bambi,AR
Frank Ocean,US
takenoelz,UNKNOWN
Jonatan,PL
ReTo,PL
DIOR 大穎,JP
Di Propósito,BR
Vula,GB
Travie McCoy,US
Jory Boy,PR
Kelly Yu,US
Killemv,UNKNOWN
Ze2,UNKNOWN
Vitor Kley,BR
Juseph,ES
OG Keemo,DE
Lucho RK,ES
Estopa,ES
Simon Ljungman,DE
Dani M,DE
Lee Young Ji,CA
Angela Torres,JP
The Cranberries,IE
Sansar Salvo,TR
Walls,Spain
SG MusiQ,BY
Thukuthela,UNKNOWN
Diplo,US
Lefty Sm,US
OMI,JM
Naseeb,UNKNOWN
TORRRES,UNKNOWN
Iyanya,NG
Skandisoul,UNKNOWN
Mauvais djo,UNKNOWN
Favé,FR
FAULHABER,NL
Mellow & Sleazy,UNKNOWN
Mc Pepeu,BR
Tochi Raina,India
Merk & Kremont,UNKNOWN
rezspawn,UNKNOWN
SativaMusic,UNKNOWN
Maluma,CO
King Serenity,US
YOON MIRAE,KR
Pink Sweat$,US
Mabotho s,GB
Rosa Chemical,GB
Isabel Aaiún,ES
Veronica Maggio,SE
Y2K,US
Dolly Style,US
Alican Özbuğutu,TR
Emmy Meli,US
MC Maneirinho,BR
24K,KR
Kenan Doğulu,TR
NiziU,JP
Agatino Romero,DE
V,US
Aleshen,PL
Neeti Mohan,IN
One Acen,GB
Mzu M,DE
Zac Efron,US
Peipper,UNKNOWN
Stixx,UNKNOWN
j mena,GB
Gazapizm,TR
Paweł Domagała,PL
Thiago Jhonathan (TJ),BR
Luke Dean,US
Léo Foguete,FR
El Padrinito Toys,UNKNOWN
K.Keed,UNKNOWN
ChocQuibTown,CO
HONNE,GB
Oasis,GB
Kina,IT
Ujjwal Kashyap,UNKNOWN
Lebza TheVillain,UNKNOWN
Simmy,South Africa
Jordan Adetunji,United Kingdom
tuki.,JP
Mustafa Mert Koç,UNKNOWN
Idina Menzel,US
Mau y Ricky,VE
Reik,MX
Yseult,FR
Dj Plaga,CH
SW43 L33 D1DO,UNKNOWN
Dopamine,GB
Prashant Katheriya,UNKNOWN
Alex Luna,JP
Afriikan Papi,UNKNOWN
KSI,United Kingdom
Icy Subzero,IT
Demet Akalın,TR
Basshunter,SE
Andrea Zelletta,UNKNOWN
Ndotz,United Kingdom
Lujavo,UNKNOWN
Marco Antonio Solís,MX
Raghav,CA
Lune,DE
Dj Pikeno Mpc,UNKNOWN
ZEG P,US
DALÃMA,UNKNOWN
EARTHGANG,US
Summer Walker,US
Lithe,Australia
Lefty Gunplay,United States
Tony Dayimane,US
Naza,FR
Lauty Gram,UNKNOWN
Abhijay Sharma,IN
lordkez,UNKNOWN
Ben Fero,US
Ashish Bhatia,India
Bad Boy Chiller Crew,GB
Fousheé,United States
Leon Krześniak,US
Silla,DE
Chlöe,FR
Akshay Kumar,IN
Hande Yener,TR
Alan Arrieta,US
Adash,UNKNOWN
Franglish,FR
James Carter,DE
Tuğçe Kandemir,TR
A1 x J1,UNKNOWN
PARTYNEXTDOOR,CA
Kaptur,UNKNOWN
Lynda,CA
French Montana,US
Dom Dolla,AU
Ksub,UNKNOWN
Timal,France
Artysta,UNKNOWN
Zero Assoluto,IT
AK Rok,DE
Natalia Lafourcade,MX
Big Apple,US
Aime Simone,US
SARAH SEY,US
Ikka,IN
cakal,TR
Damso,BE
Kurdo,DE
Mc Rodrigo do CN,BR
Nacho G Flow,DE
prześwit,PL
Juice,JP
Lizzo,US
Tyrone Dee,US
Imagine Dragons,US
Sez on the Beat,UNKNOWN
Killer Kau,ZA
LIKA,AT
Flipp Dinero,US
Lomiiel,Dominican Republic
Idaly,NL
SpotemGottem,US
Amitabha Bhattacharya,FR
Sophie and the Giants,US
AHOF,KR
GOLF,UNKNOWN
Alec Benjamin,GB
Julia Wieniawa,Poland
Khalil Harrison,GB
GIMS,FR
Melek Mosso,TR
The Rubens,GB
Myztro,South Africa
Narco,ES
Amaza,UNKNOWN
KD DESIROCK,UNKNOWN
Luan Santana,US
BE:FIRST,US
Ovi,US
Marcianos Crew,AR
Mphow69,UNKNOWN
DJ Freetz,UNKNOWN
Oscu,AR
Nikhita Gandhi,IN
DJ Marcus Vinicius,BR
Tiakola,FR
Luísa Sonza,BR
Baltik Beatz,SE
Boza,PA
Luana,CH
Mc Yoshi,RU
Yohani,LK
Danilo e Davi,BR
Jyoti Nooran,IN
Trinix,FR
Ronghao Li,SE
WC no Beat,UNKNOWN
Sino Msolo,UNKNOWN
Peter Plate,AT
Lacrim,FR
Rim'K,FR
Zerrydl,Nigeria
TREASURE,KR
Kize,UNKNOWN
MOMO,JP
Sixpm,IT
Orelsan,FR
LOUKI,FR
Romy,Germany
DMN,UNKNOWN
Tadeo,UNKNOWN
Mellow,UNKNOWN
YSY A,AR
Epik High,KR
Dimartino,IT
Jan-Rapowanie,PL
Masse,SE
Adam,GB
Meira Omar,SE
Saixse,MY
Dawid Podsiadło,PL
YG,US
Ourealgoat,KR
Money Man,US
Zachi,UNKNOWN
AKDO,TR
Akhil,IN
Msongi,ZA
KERO,GB
Madumane,UNKNOWN
Lia Shine,JP
Issa sisdoh,NO
Gym Class Heroes,US
Janusz Walczuk,PL
Dinos,FR
Ornella Vanoni,IT
MC YOSHI,RU
Chella,UNKNOWN
Valentino Rose,US
Timaya,NG
MENZI MUSIC,GB
Pino D'Angiò,IT
Mc Th,BR
iZaak,PR
Aydın Kurtoğlu,Turkey
Squeezie,FR
Ugatsheni,UNKNOWN
SAINt JHN,GY
DJ Khaled,DZ
Mrs. GREEN APPLE,JP
NATTAN,UNKNOWN
El Dipy,Argentina
Ersay Üner,TR
Pusha T,US
CountryBeat,UNKNOWN
RIIZE,KR
Şebnem Ferah,TR
FUNDACJA 420,UNKNOWN
Kaśka Sochacka,PL
Cam'ron,US
"Héctor ""El Father""",PR
RØZ,RU
Shyam Bhateja,SI
Kanye West,GB
Side Baby,US
Kid Yugi,Italy
Gromee,PL
Vicco,ES
Sam Barber,US
Angela Leiva,UNKNOWN
Lil Mosey,US
Alan Gomez,US
Zoe Wees,DE
Mariana Treviño,Mexico
Myles Smith,US
TWICE,KR
Vito Salamanca,UNKNOWN
KAJ,FI
AliSoomroMusic,Pakistan
Mc Topre,BR
PLK,FR
Søte & Rare,US
MC GP,RU
Nahuel Pennisi,AR
Felo Le Tee,ZA
Zé Vaqueiro,BR
Hakim Lokman,DE
Disclosure,GB
MEDUZA,SE
Yash Thukral,UNKNOWN
Mc Tato,RU
Rammstein,DE
putri dahlia,JP
IRAH,DK
Tobias Rahim,DE
pH-1,KR
Niño de Elche,ES
Jossef,PR
João Bosco & Vinícius,BR
Filow,DE
Los Dos Carnales,MX
Mshinwemali,ZA
Kwam.E,DE
ADAAM,SE
Mida,IT
TAEYEON,KR
Bad Gyal,Spain
Rybeena,Nigeria
Dj Yamza,ZA
DJ Ws da Igrejinha,BR
Grey,JP
LANA,US
George Lesley,GB
Spartz,ZA
Tai Verdes,US
Georgia Ku,US
Tropa do Bruxo,BR
TONY2000,PL
Alesso,SE
Rels B,ES
YouNotUs,DE
Metallica,US
DJ L30,CH
Remp,MX
JONY,RU
Sıla Şahin,TR
Andres Castillo,ES
Engel Montaz,Dominican Republic
Becky G,US
Sai Abhyankkar,IN
DJ JHOW BEATS,BR
