country,country_code,year,BM.KLT.DINV.WD.GD.ZS,BX.KLT.DINV.WD.GD.ZS,GC.TAX.INTT.RV.ZS,IT.CEL.SETS.P2,IT.NET.BBND.P2,IT.NET.SECR,IT.NET.USER.ZS,NE.EXP.GNFS.ZS,NE.IMP.GNFS.ZS,NY.GDP.DEFL.KD.ZG,NY.GDP.DEFL.KD.ZG.AD,NY.GDP.MKTP.KD.ZG,NY.GDP.PCAP.CD,SE.ADT.1524.LT.ZS,SE.ADT.LITR.ZS,SI.POV.GINI,SP.POP.GROW,SP.POP.TOTL,SP.RUR.TOTL.ZG,SP.RUR.TOTL.ZS,SP.URB.GROW,SP.URB.TOTL.IN.ZS,ST.INT.ARVL,ST.INT.DPRT,ST.INT.XPND.CD
Argentina,ARG,2019,0.340080898652055,1.48500687570697,13.8643849479265,125.303,19.5519,135647.0,79.947,17.9248783778462,14.7057366680037,49.1955790596612,49.1955790596612,-2.00086100285785,9955.97478680428,,,43.3,0.710900853077743,44973465.0,-0.788597917833347,8.009,0.842521815308169,91.991,7399000.0,15352000.0,9845000000.0
Argentina,ARG,2020,0.305173266187524,1.26616924308721,13.3819968611147,121.181,21.1798,167248.0,85.5144,16.6054144372484,13.5982843701675,40.0830878011993,40.0830878011993,-9.9004848136464,8535.59938004389,99.6800003051758,99.1399993896484,42.7,0.484665636741261,45191965.0,-1.02499544333322,7.889,0.615028911928924,92.111,,,2746000000.0
Argentina,ARG,2021,0.317298745187022,1.36838083162438,15.0422482293727,130.353,23.15,231834.0,87.1507,18.0667091690365,15.0119803984295,53.8020877665554,53.8020877665554,10.4418119882506,10738.0179223384,,,42.4,0.265879395046274,45312281.0,-1.24118018454309,7.771,0.393904283014769,92.229,,,
Argentina,ARG,2022,0.330257486949538,2.40302244246396,15.7209085880323,131.484,24.6832,240087.0,88.3754,16.248014443903,15.2996935612041,69.8760842459268,69.8760842459268,5.26987967384072,13935.6811110049,,,40.7,0.210808731072658,45407904.0,-1.31929090861124,7.65300000000001,0.338668250794531,92.347,,,
Argentina,ARG,2023,0.46794285054368,3.83188895905263,11.2323152268162,137.706,25.3581,248239.0,89.229,12.7492457826544,13.8912663507893,135.368876310592,135.368876310592,-1.61100162090189,14187.4827252965,,,42.4,0.286976121920089,45538401.0,-1.24038550649962,7.53700000000001,0.412511398836538,92.463,,,
Argentina,ARG,2024,0.435317808516311,1.83878197817,,,,249201.0,89.6672,15.3342337389676,12.8251676959106,207.9218609534,207.9218609534,-1.71910514722377,13858.2039802008,,,42.4,0.345829819817895,45696159.0,-1.20520131382304,7.42100000000001,0.471206008710255,92.579,,,
Australia,AUS,2019,0.638945694912113,2.78196787472132,3.10009994050235,109.753,34.5434,931399.0,93.6099,24.1596779983146,22.0278238953145,3.46820261012924,3.46820261012924,2.17154505737176,54972.7017885437,,,,1.47749071058438,25334826.0,0.673555249409334,13.876,1.60762467607999,86.124,9466000.0,11624000.0,41345000000.0
Australia,AUS,2020,0.55699197477725,1.35325605506287,3.8292718357027,104.93,35.3468,1022449.0,94.6935,24.0267391579698,20.6377169074661,1.88550119010648,1.88550119010648,-0.119590735829973,51791.540179984,,,33.8,1.23342825131378,25649248.0,0.386682933759622,13.759,1.36918474912152,86.241,1828000.0,2832000.0,7654000000.0
Australia,AUS,2021,0.461333267746361,2.0246819461122,3.32071475164726,105.119,35.836,1193898.0,96.9722,22.0566759771447,18.2458042920249,3.0799498600023,3.0799498600023,2.11116814768786,60607.7788605166,,,,0.14089508329287,25685412.0,-0.742432082606775,13.638,0.281103300397357,86.362,,,
Australia,AUS,2022,7.37768712631424,4.16149504206489,2.72474963498485,109.469,36.3933,1255844.0,97.0424,25.5315880289865,20.2901822017406,7.17553361510235,7.17553361510235,4.24238555336139,64997.0136536475,,,,1.27269881377618,26014399.0,0.344540883621696,13.512,1.41848597605496,86.488,,,
Australia,AUS,2023,0.784630496399591,1.91730721115443,,112.513,36.6047,1268103.0,97.0631,26.7992411333458,22.4259429260923,6.51199894950456,6.51199894950456,3.44199220009025,64835.9199754535,,,,2.42431553908742,26652777.0,1.46500639719691,13.383,2.57336049684863,86.617,,,
Australia,AUS,2024,0.845467011246894,3.09257917824853,,,,1204688.0,,24.705209306537,22.6090197065918,2.6265456903831,2.6265456903831,1.4311125201703,64407.484256932,,,,2.05004113352233,27204809.0,1.05127064559814,13.25,2.20347308455882,86.75,,,
Brazil,BRA,2019,1.21815769940391,3.692673213156,2.27191324326793,97.3747,15.8622,578468.0,73.9124,14.1229191913178,14.7673386785785,4.22425886342708,4.22425886342708,1.22077782360842,9029.83326681073,99.1,93.9019248012051,53.5,0.651994346081362,207455459.0,-1.26485336305963,13.176,0.946124107128195,86.824,6353000.0,,21178000000.0
Brazil,BRA,2020,-0.234891708950017,2.59263795310275,2.7060464651345,98.6456,17.4181,656211.0,81.3427,16.4535520094071,15.8485265343869,6.47249962315726,6.47249962315726,-3.2767587964736,7074.19378337644,99.2,94.7576490611664,48.9,0.579350709708032,208660842.0,-1.3285329992845,12.927,0.865727194353952,87.073,,,6490000000.0
Brazil,BRA,2021,0.972038153023479,2.77979084938159,2.79337219387207,104.825,19.8363,743189.0,80.6899,19.1094303688709,18.5469003909373,13.0472708601388,13.0472708601388,4.76260437908608,7972.5366498646,99.3,94.7848837154757,52.9,0.425360907216456,209550294.0,-1.48020144874595,12.683,0.705193508220296,87.317,,,
Brazil,BRA,2022,1.70880593961054,3.8221961533297,2.17352248971196,101.245,20.9534,985305.0,80.5278,19.6307650034371,19.1853009729027,8.57028196165616,8.57028196165616,3.01669435393015,9281.33334441234,99.3,94.3853874531348,52.0,0.360180890872169,210306415.0,-1.53417905815774,12.445,0.632380457299841,87.555,,,
Brazil,BRA,2023,1.14773101167023,2.8497546823908,2.10618660324832,101.02,22.4192,1188440.0,84.1506,17.9693243032741,15.6969055268697,5.15950107377019,5.15950107377019,3.24165532906981,10377.5892792557,99.3,94.5839624750993,51.6,0.395928695574996,211140729.0,-1.49405539741967,12.212,0.661693384781811,87.788,,,
Brazil,BRA,2024,1.20852175435663,3.26093198121488,,,,1471519.0,84.4635,18.0146799833275,17.5165402609182,3.79801408025078,3.79801408025078,3.39586645454844,10280.3148624429,99.3563694149054,94.8005123042056,,0.405467027627251,211998573.0,-1.47919841301655,11.984,0.664847024770479,88.016,,,
Canada,CAN,2019,4.35319353176514,2.80676687017653,1.29246310785382,90.9589,40.0768,1349486.0,91.9129,32.3526958202565,33.8187894602395,1.54607073393581,1.54607073393581,1.90843194590616,46352.8693445211,,,31.7,1.46171259938134,37618495.0,1.07904120079101,18.518,1.54888498160661,81.482,32430000.0,37845898.4375,
Canada,CAN,2020,2.86462616548379,1.75897085668576,0.949078946434864,84.7748,40.795,1515773.0,92.3,29.4736472349344,31.6831237283418,1.07081026105622,1.07081026105622,-5.03823343468899,43537.839298904,,,29.9,1.08436897113225,38028638.0,0.651415715520181,18.438,1.18250319598657,81.562,,,
Canada,CAN,2021,5.17851725947531,2.97618288160973,1.02742168063765,87.4056,41.6931,1665049.0,93.9371,31.1750782983294,31.0717584176126,7.78502011074684,7.78502011074684,5.95052802804381,52886.6616372703,,,31.1,0.553902422386893,38239864.0,0.0591406038001894,18.347,0.665410421406294,81.653,,,
Canada,CAN,2022,4.048309744686,2.29317324184365,1.12800880720952,91.2387,42.1792,1699682.0,94.0,33.9431906669379,33.374430889461,7.90676213077326,7.90676213077326,4.18903628100851,56256.8007264015,,,,1.80390457488184,38935934.0,1.26284024196041,18.248,1.9250771414666,81.752,,,
Canada,CAN,2023,4.08492890022951,1.93601776565032,1.00483121351516,94.1497,42.5242,1706155.0,93.9564,33.3498760996793,33.2824552373876,1.3572659269347,1.3572659269347,1.52874550838358,54220.3285039875,,,,2.90468017061162,40083484.0,2.30004899065608,18.138,3.03914326883352,81.862,,,
Canada,CAN,2024,3.86306756314717,2.62340440884912,0.897609803272928,,,1639684.0,,32.4613353439237,32.717698647348,3.03631769454921,3.03631769454921,1.5280811085284,54282.6176051733,,,,2.96220294420494,41288599.0,2.30952035537851,18.02,3.1062418205964,81.98,,,
Colombia,COL,2019,0.976218890297516,4.33058240931506,1.37730083913839,132.811,13.9253,39298.0,65.0069,15.8680386541241,21.6904953267149,4.00262054293638,4.00262054293638,3.18685539245533,6472.54544924705,98.8300018310547,95.25,51.3,1.78615507724394,49907985.0,0.0756334362558408,18.896,2.18891859903695,81.104,4531000.0,4479000.0,5658000000.0
Colombia,COL,2020,0.641190771333668,2.7588942895314,1.06737126418201,133.661,15.3363,20646.0,69.7953,13.5222755593302,20.5332954086799,1.48172462037553,1.48172462037553,-7.18591413760859,5339.68711357943,99.0100021362305,95.6399993896484,53.5,1.43632167326968,50629997.0,-0.27704624032024,18.575,1.83132885907728,81.425,1396000.0,1275000.0,1576000000.0
Colombia,COL,2021,0.998608409489945,3.00175693787234,1.41924810181097,146.628,16.4768,33071.0,73.0284,16.1970059548864,23.8621404387264,7.80211309545884,7.80211309545884,10.8011981904878,6222.62164397614,99.1,95.666552016916,55.1,1.09642825395961,51188173.0,-0.61394806882992,18.26,1.48254202183083,81.74,,,
Colombia,COL,2022,0.978931362975407,4.97124137726565,1.69394857338843,156.195,17.0075,34646.0,72.7964,20.3883679938331,27.8942871185028,14.9250366806978,14.9250366806978,7.32827729427979,6680.44506854481,98.9,95.3138834471897,54.8,1.06829295530618,51737944.0,-0.643978337682665,17.95,1.44682584119146,82.05,,,
Colombia,COL,2023,0.346389567858682,4.58478761240549,1.32542610114102,166.98,17.037,58030.0,77.3369,17.8316784070298,22.5564540863658,6.9523623210511,6.9523623210511,0.712380031974334,7000.83660501046,99.0,95.4625553716428,53.9,1.12092864340999,52321152.0,-0.587175749722585,17.646,1.49075099146876,82.354,,,
Colombia,COL,2024,1.0933802457239,3.40925590060448,,,,59561.0,,15.97281920951,20.9158739522507,5.77650128290072,5.77650128290072,1.7438014504116,7913.98801464547,98.9599990844727,95.3399963378906,,1.07447920962035,52886363.0,-0.628708613480075,17.348,1.43567804992394,82.652,,,
France,FRA,2019,3.11018903168592,1.96486943301561,0.0044265282023529,109.601,45.2765,1971311.0,83.3397,32.8895593910847,33.5394177830602,1.21052308336793,1.21052308336793,2.02744646419237,40408.2848574751,,,31.2,0.332559129027963,67382061.0,-1.03179527466861,19.291,0.661441007392893,80.709,217877000.0,49276000.0,59751000000.0
France,FRA,2020,1.08525408792736,0.731471704018579,0.00298708563397,110.387,46.4712,2440930.0,84.7064,28.5572228192655,30.2816679047993,2.97797868174696,2.97797868174696,-7.44064589948231,39169.8606000707,,,30.7,0.324557781035362,67601110.0,-1.06391683374409,19.025,0.653594576371169,80.975,117109000.0,21287000.0,31193000000.0
France,FRA,2021,3.98508078434687,3.30405312221271,0.0033909299588753,113.953,47.6442,2689564.0,86.0955,31.2880499332105,32.5004326976615,1.22181614073425,1.22181614073425,6.88233783360239,43725.0999521245,,,31.5,0.356902332389048,67842811.0,-1.05645768339267,18.758,0.686091869029281,81.242,,,
France,FRA,2022,3.68314611306419,4.01585632811977,0.0033186879915913,115.951,48.2502,3227132.0,85.3333,36.5036688904078,39.2864747207143,3.22063216992299,3.22063216992299,2.57084047567793,41082.8119320747,,,31.2,0.326992498564887,68065015.0,-1.10662315118271,18.491,0.655100354084571,81.509,,,
France,FRA,2023,2.29379328003245,0.591500421783679,0.0032685427152019,116.688,48.6688,3556589.0,86.8364,34.2800305804742,36.279524212719,5.30357173576937,5.30357173576937,0.936487518850853,44690.9345395117,,,31.8,0.326319200823468,68287487.0,-1.13363891720135,18.223,0.654577589532647,81.777,,,
France,FRA,2024,1.31955289307622,1.64614949240398,,,,3926271.0,88.6538,33.2440842472123,33.9788865095979,2.31295798668936,2.31295798668936,1.16613851497229,46150.4876861593,,,,0.335095323008513,68516699.0,-1.14093163619739,17.956,0.661062424539315,82.044,,,
Germany,DEU,2019,4.3299226385712,1.90698688059702,,128.292,42.1156,6478761.0,88.1345,42.3863044855837,36.747442628887,2.01597612276328,2.01597612276328,0.987893350164853,47623.8656074829,,,31.8,0.22551987421288,83092962.0,-0.0569656713221133,22.624,0.30826693577482,77.376,39563000.0,99533000.0,101231000000.0
Germany,DEU,2020,3.67680289295586,4.48666571074036,,128.425,43.3049,8109646.0,89.8129,39.1691838521344,33.824073376198,1.75504599873261,1.75504599873261,-4.09513751682526,47379.765194548,,,32.4,0.0816931586494595,83160871.0,-0.259233129793983,22.547,0.181157523178267,77.453,12449000.0,,
Germany,DEU,2021,4.93769265312081,2.93470785974787,,127.125,44.0643,9425914.0,91.4306,42.6575836538409,37.4990343972191,2.80292936590148,2.80292936590148,3.6699998840452,52265.6541620571,,,,0.0423270572552137,83196078.0,-0.362094669488807,22.456,0.15974977086524,77.544,,,
Germany,DEU,2022,3.62471459581005,2.0947134896352,,124.158,44.6186,10553940.0,91.6298,45.7805177232318,43.2836096462941,6.09185663198414,6.09185663198414,1.36973104612758,49686.1154582583,,,,0.720875455989295,83797985.0,0.25667537420783,22.352,0.854901972242501,77.648,,,
Germany,DEU,2023,2.28280329592525,1.71109200964451,,124.663,45.3805,11657953.0,92.4764,43.4023485563427,39.3967578932279,6.14291652076442,6.14291652076442,-0.266438401180253,53940.4073447462,,,,0.123957150064395,83901923.0,-0.400860545813759,22.235,0.274523691941495,77.765,,,
Germany,DEU,2024,1.72028119406471,1.02145633651483,,,,12704030.0,93.5,42.1002680442064,38.2444033577531,3.10601366099202,3.10601366099202,-0.238526858256165,55800.2194549412,,,,-0.467077236996451,83510950.0,-1.05346185687202,22.105,-0.300045080252953,77.895,,,
India,IND,2019,0.463417725968969,1.78482633957161,,82.8981,1.37913,531807.0,29.5235,18.664264897257,21.2411386333872,2.40551716106513,2.40551716106513,3.87143694070356,2041.42863698585,94.7674702180886,74.9084268267486,,1.04001395098104,1389030312.0,0.367757812761523,65.528,2.33050520161306,34.472,17914000.0,26915000.0,28595000000.0
India,IND,2020,0.415823729906748,2.40620322673636,,82.254,1.63623,662298.0,43.4054,18.6824769296756,19.0756283996012,4.81485791893405,4.81485791893405,-5.77772470686801,1907.04251637669,95.675096052413,75.5437727049002,,0.973438646910149,1402617695.0,0.278193813688018,65.074,2.28185236741633,34.926,,,15777000000.0
India,IND,2021,0.54427728129202,1.41217101040888,,81.604,1.9488,746969.0,,21.3991583305515,24.0239304534931,8.35490771481598,8.35490771481598,9.68959249192875,2239.61384367482,95.8899228556846,76.0715766188242,,0.822648220128724,1414203896.0,0.102416210666256,64.607,2.15090056523008,35.393,,,
India,IND,2022,0.43430316091549,1.49248825904,5.49349042783413,80.1818,2.35232,1040120.0,55.9,23.2515412045298,26.8237289453584,5.89714185891133,5.89714185891133,7.60936497768895,2347.44829434623,96.5400009155273,76.3199996948242,25.5,0.790200540609834,1425423212.0,0.0460327046150232,64.128,2.13449924103946,35.872,,,
India,IND,2023,0.381437635526984,0.771919134264091,,80.5632,2.74535,1389294.0,,21.4486977833541,23.544144504402,2.59194954513768,2.59194954513768,9.19075493028345,2530.12031278204,97.0400009155273,81.6999969482422,,0.883289539766135,1438069596.0,0.113115762563533,63.636,2.2455122213564,36.364,,,
India,IND,2024,0.619743193032566,0.69363736851848,,,,1759175.0,,21.1781223210845,23.4929703141577,3.20181010019256,3.20181010019256,6.48422363033757,2696.66389984463,,,,0.890706546985984,1450935791.0,0.0971329960765832,63.133,2.26446328423312,36.867,,,
Italy,ITA,2019,1.85404274702956,1.77066894209208,,132.181,29.0545,914642.0,67.8507,30.9498739181942,27.7443163412796,1.04700690430435,1.04700690430435,0.429162533780342,33812.788724868,99.870002746582,99.3499984741211,34.6,-0.700011055973408,59729081.0,-1.71317711634,29.264,-0.277836405816622,70.736,95399000.0,62207000.0,37908000000.0
Italy,ITA,2020,0.248402242308732,-0.893869914296462,,129.49,30.2586,1229028.0,70.4834,28.7258551870199,25.2136287172564,1.57740278796771,1.57740278796771,-8.86822122185345,32091.4866621366,,,35.2,-0.487095091717782,59438851.0,-1.52789091401091,28.961,-0.0596580808105052,71.039,38419000.0,21448000.0,12965000000.0
Italy,ITA,2021,2.66378600555641,1.20474315612308,,130.781,31.2853,1467886.0,74.8623,31.1716088630092,29.1303687572707,1.28332187292641,1.28332187292641,8.93106210800055,36852.5425414951,,,34.8,-0.515599998844444,59133173.0,-1.5813091949036,28.654,-0.0843723464907017,71.346,,,
Italy,ITA,2022,2.24599989500342,2.94181405797187,,131.674,31.1914,1656567.0,85.0607,35.0991400412578,36.9173622620119,3.45535917134771,3.45535917134771,4.82117669913565,35653.9042103495,,,33.7,-0.20230086688254,59013667.0,-1.29359272798971,28.343,0.232653944597574,71.657,,,
Italy,ITA,2023,1.32675504301584,1.82329512104505,,131.872,31.8411,1783922.0,87.0278,33.5347636988069,32.106099775264,5.91461605792436,5.91461605792436,0.715372500867531,39065.4244365633,,,34.3,-0.0342216578672275,58993475.0,-1.1554007482934,28.027,0.405799964250842,71.973,,,
Italy,ITA,2024,1.43606039152331,0.917841215922765,,,,1806733.0,89.2207,32.7328584456689,30.4432306155658,2.11108991995954,2.11108991995954,0.725792380234424,40226.0472416173,,,,-0.0126327033700514,58986023.0,-1.15734791984543,27.708,0.429609757181424,72.292,,,
Japan,JPN,2019,5.04659310842062,0.780785313301259,,147.21,33.5459,2361325.0,92.7304,17.4635264275221,17.7528916808924,0.634803165679926,0.634803165679926,-0.402169200894946,40415.9567649547,,,33.0,-0.140464977878172,126633000.0,-1.12332728122151,8.30200000000001,-0.0510014914514158,91.698,31881000.0,20081000.0,29146000000.0
Japan,JPN,2020,2.97024478482841,1.23830386396694,,154.432,34.8371,2884902.0,90.2195,15.5331828643222,15.8020257724508,0.933912186858549,0.933912186858549,-4.16876457146743,40028.7341726762,,,32.3,-0.294194617750067,126261000.0,-1.31115557603189,8.218,-0.202631222664941,91.782,4115799.8046875,3174000.0,6741000000.0
Japan,JPN,2021,4.16125568185979,0.695100892094565,,159.516,35.9392,3233771.0,82.9141,18.1091919388618,18.629254289208,-0.203835821828704,-0.203835821828704,2.69657404187188,40094.5599795288,,,,-0.459952415807642,125681593.0,-1.49965333207488,8.133,-0.367384540062546,91.867,,,
Japan,JPN,2022,4.104280295451,1.12971840820325,,168.603,36.8414,3620375.0,84.9234,21.5464241239166,25.2665627129772,0.399048968762756,0.399048968762756,0.941998775483285,34065.6438962526,,,,-0.443851919148528,125124989.0,-1.53176382377328,8.045,-0.348106762186141,91.955,,,
Japan,JPN,2023,4.63871311590493,0.47897443130528,,178.432,38.6312,3947391.0,86.9815,21.8515912402593,23.2992883238654,4.06819848886964,4.06819848886964,1.47503481053384,33836.1756271617,,,,-0.487370782049143,124516650.0,-1.5872391506449,7.95699999999999,-0.391718017575944,92.043,,,
Japan,JPN,2024,5.17162974168686,0.426561392377945,,,,4082355.0,,,,2.87380993657106,2.87380993657106,0.0836985643852159,32475.8924992191,,,,-0.435651699326323,123975371.0,-1.58588709566545,7.866,-0.336833844891499,92.134,,,
"Korea, Rep.",KOR,2019,2.13385676725272,0.58339386057331,1.41860245113873,133.08,42.0374,234958.0,96.1576,39.2758610673609,36.4812778978581,-0.839325308149668,-0.839325308149668,2.24397786011012,31902.4169048194,,,33.2,0.347874968577526,51764822.0,0.504154117366634,18.57,0.312269897922803,81.43,17503000.0,28714000.0,35339000000.0
"Korea, Rep.",KOR,2020,2.1183560283733,0.533043337613518,1.29729918484293,135.973,43.0541,307856.0,96.5051,36.359590549146,32.6744545418102,1.56374685675343,1.56374685675343,-0.709415359397681,31721.2989141857,,,32.7,0.137869266247028,51836239.0,0.223993326888109,18.586,0.118218402592122,81.414,2519000.0,4276000.0,16705000000.0
"Korea, Rep.",KOR,2021,3.62953336285071,1.21315499855807,1.3769641896469,140.516,44.2526,379684.0,97.5713,41.8772295047804,38.3222274220465,2.76293194144772,2.76293194144772,4.30473481906969,35125.5224984723,,,32.9,-0.128757315474928,51769539.0,-0.128748361821852,18.586,-0.128759359504165,81.414,,,
"Korea, Rep.",KOR,2022,3.93084120600832,1.49617378306838,1.40079069687653,148.684,45.4542,455851.0,97.1686,48.2717642210409,48.2646450676456,1.27552257409207,1.27552257409207,2.61267219187226,32394.6833725203,,,,-0.187486566698935,51672569.0,-0.257463668092277,18.573,-0.171518358139427,81.427,,,
"Korea, Rep.",KOR,2023,1.87832988216092,1.11176900074515,1.09154187696094,162.114,46.5676,503079.0,97.416,43.9956698686696,43.9440093217037,2.06407396162432,2.06407396162432,1.35673324311098,33121.3712885508,,,,0.077477253324535,51712619.0,-0.0787836052861137,18.544,0.113085223805968,81.456,,,
"Korea, Rep.",KOR,2024,,,,,,615961.0,97.8956,,,,,,,,,,0.0743178674548815,51751065.0,-0.152427138495345,18.502,0.125866108163057,81.498,,,
Mexico,MEX,2019,0.46655629263881,2.29639390866973,1.42492791764381,97.0359,15.3885,34635.0,69.6321,38.5296507920009,38.9323214651119,4.31901023665301,4.31901023665301,-0.392690505099296,10369.5553585271,99.1938120034309,95.3889403219417,,0.950144329831411,125762982.0,-0.5118088133456,19.556,1.30879930942112,80.444,97406000.0,82752000.0,12300000000.0
Mexico,MEX,2020,0.448976803692317,2.81349178443172,1.31903129771378,96.9237,17.7521,41615.0,71.4902,39.2353720871536,37.6191836120664,4.61979012344409,4.61979012344409,-8.35403456576364,8841.2707511328,99.0800018310547,95.25,44.6,0.820454117563552,126799054.0,-0.65800147046923,19.269,1.17658908938747,80.731,51128000.0,36056000.0,4286000000.0
Mexico,MEX,2021,-0.0227940347685688,2.69815759567076,1.5769812245324,99.0948,19.2797,44523.0,75.6265,40.5691931994994,42.5001044331777,4.48797272763839,4.48797272763839,6.04848345704632,10314.0506725979,99.254077553763,95.6890981310362,,0.66740537533078,127648148.0,-0.822704289102285,18.984,1.01980862914655,81.016,,,
Mexico,MEX,2022,1.18268665081825,2.66415918311792,1.68513148695769,105.713,20.2861,49116.0,78.6322,42.9460448302063,45.8808899526489,6.63122008991697,6.63122008991697,3.71098893117183,11402.1410374782,99.0,95.8486603965766,43.5,0.753116988604166,128613117.0,-0.754180317575722,18.7,1.10305152269145,81.3,,,
Mexico,MEX,2023,0.0455340294005447,1.72931055025628,1.68868225003555,111.562,20.0882,53468.0,81.1832,36.1666703433344,37.6028627773981,4.48311577788125,4.48311577788125,3.2953909570288,13826.1306570122,99.1639802251459,95.8346901734281,,0.872178517508623,129739759.0,-0.64732885756738,18.418,1.21844174097919,81.582,,,
Mexico,MEX,2024,0.704059032291964,2.44690161792244,,,,69573.0,,36.7857440701926,37.9258515356765,4.935408692579,4.935408692579,1.4540624784799,14157.9445835849,99.1996054782668,95.7654716766416,,0.860515443690537,130861007.0,-0.671413462311147,18.138,1.20314137259482,81.862,,,
Nigeria,NGA,2019,0.0601282042082383,0.485777628049362,,88.1169,0.0397927,15036.0,29.7,,,10.384779195217,10.384779195217,2.20842927714881,2265.15520863056,,,,2.1944019229433,209485641.0,0.543586791253677,48.843,3.79639032434636,51.157,,,16406000000.0
Nigeria,NGA,2020,0.340892224048837,0.551893508838688,,95.4357,0.0305206,15242.0,31.8888,,,7.84914204720589,7.84914204720589,-1.79425308274458,2019.65706326224,,,,2.13029714344341,213996181.0,0.476752107002739,48.042,3.68393418210316,51.958,,,6613000000.0
Nigeria,NGA,2021,0.412380056004151,0.751578312174957,,89.2916,0.0301639,13450.0,35.5098,,,10.1310336867347,10.1310336867347,3.64718654072446,2017.27486481527,73.6699981689453,63.1599998474121,,2.09618685225463,218529286.0,0.442355120450979,47.254,3.60141045433703,52.746,,,
Nigeria,NGA,2022,-0.0140474676673227,-0.0391267487603444,,99.5852,0.0433814,10509.0,37.6975,,,11.3113349413983,11.3113349413983,3.25168140827093,2139.37478476974,,,33.9,2.09281687128387,223150896.0,0.439145854373204,46.479,3.55143301410608,53.521,,,
Nigeria,NGA,2023,0.0703163193463305,0.514645981301691,,98.4773,0.0512838,10847.0,39.2136,,,12.6218692275514,12.6218692275514,2.86021499108364,1596.63696129001,,,,2.09838916935738,227882945.0,0.445351385252193,45.717,3.51208939849018,54.283,,,
Nigeria,NGA,2024,0.217274367708429,0.57536877367597,,,,22887.0,,,,14.4500702250751,14.4500702250751,3.42643947135149,806.945695055244,81.3600006103516,70.4100036621094,,2.08297776184189,232679478.0,0.435515564317608,44.97,3.44971685567002,55.03,,,
Poland,POL,2019,0.890848611819982,3.15455649244208,,126.597,20.5043,782319.0,80.4359,52.6128934811742,48.9681403361987,3.02644690867653,3.02644690867653,4.58045817256199,15874.5220531254,,,28.8,-0.0244271070993493,37965475.0,0.028134459433428,39.963,-0.0593988549139279,60.037,88515000.0,50600000.0,10161000000.0
Poland,POL,2020,0.837247273001203,3.31499087827758,,129.288,21.9256,954351.0,83.1849,52.4338855199248,46.8252057104188,4.23859434856777,4.23859434856777,-2.03556882399977,16150.9291009726,,,28.5,-1.19164026205913,37515748.0,-1.20665962263319,39.957,-1.18164403219459,60.043,,,5547000000.0
Poland,POL,2021,1.48294288221985,5.44306784714588,,132.987,22.8166,1161013.0,85.3749,57.0379760723016,53.836306949643,5.34023602800748,5.34023602800748,6.92718266052501,18635.5088812509,,,28.5,-1.4341408496549,36981559.0,-1.5142590880355,39.925,-1.38085987078673,60.075,,,
Poland,POL,2022,1.8117975417708,6.00626051695503,,137.002,23.8373,1280389.0,86.9411,62.3525162455456,60.6688166147992,10.689577427514,10.689577427514,5.25545697386036,18891.213529396,,,28.9,-0.433070695882457,36821749.0,-0.580957267257251,39.866,-0.334908198715239,60.134,,,
Poland,POL,2023,1.81881709224501,4.22376174713947,,135.146,26.114,1369941.0,86.4147,57.8812710195434,52.1436640222717,9.86569270234997,9.86569270234997,0.249610834017872,22145.2643088909,,,28.5,-0.365658526875775,36687353.0,-0.576582007192876,39.782,-0.226071069710855,60.218,,,
Poland,POL,2024,0.913417798845877,2.33629423834068,,,,1503749.0,88.585,52.3289523696531,48.3211890119982,3.58714469894088,3.58714469894088,2.9233880806669,25022.6716445953,,,,-0.362213037220326,36554707.0,-0.64414786614845,39.67,-0.176392637156736,60.33,,,
Singapore,SGP,2019,18.4005860588162,28.3315504321637,,159.347,26.5276,698581.0,88.9493,176.891299992751,147.50368512255,-0.424898726497446,-0.424898726497446,1.30804118153127,65952.0378959293,99.9300003051758,97.4800033569336,,1.14428330688929,5703569.0,,0.0,1.14428330688929,100.0,19116000.0,10711000.0,
Singapore,SGP,2020,12.8268367757845,22.841082837391,,150.259,26.8623,729931.0,92.0043,181.782024531778,150.258780950135,-2.39290245566239,-2.39290245566239,-3.81470885510713,61410.0792630788,99.7300033569336,97.129997253418,,-0.311904961250833,5685807.0,,0.0,-0.311904961250821,100.0,2742000.0,1543000.0,
Singapore,SGP,2021,16.6602777743773,33.3045808694371,,157.978,27.5211,963602.0,96.9247,182.710806574886,146.450577108876,10.9292875816122,10.9292875816122,9.7568044629903,80056.1288247844,99.8899993896484,97.6500015258789,,-4.17033630017526,5453566.0,,0.0,-4.17033630017526,100.0,,,
Singapore,SGP,2022,11.8537102479729,29.414237864711,,173.005,27.551,1198709.0,95.9539,186.114290787201,146.235276967639,14.9214101290688,14.9214101290688,4.10800021897151,90299.0694637269,,,,3.30862052439523,5637022.0,,0.0,3.30862052439523,100.0,,,
Singapore,SGP,2023,7.7058753819462,26.2141035698283,,173.2,27.4344,1353061.0,94.2852,181.561322405378,144.131901648402,-5.0186426400397,-5.0186426400397,1.82140694115385,85412.230345235,,,,4.85831607781442,5917648.0,,0.0,4.85831607781442,100.0,,,
Singapore,SGP,2024,10.0947685766209,27.7575647897243,,,,1265721.0,94.3776,178.776286814392,143.595141120325,3.24187076847286,3.24187076847286,4.38802362461865,90674.066632628,,,,1.99449365639324,6036860.0,,0.0,1.99449365639326,100.0,,,
South Africa,ZAF,2019,0.806754603409893,1.31407752293306,3.39332205956281,162.739,2.09834,840493.0,69.6969,27.2021294051151,26.6958670030255,4.61352469052481,4.61352469052481,0.25993557687633,6533.71121032856,98.4100036621094,95.0199966430664,,1.64957495527878,59587885.0,0.149302717288393,33.144,2.40176716385477,66.856,14797000.0,,5866000000.0
South Africa,ZAF,2020,-0.572783267129974,0.933073684352394,2.98928960559051,158.447,2.15159,855339.0,72.1128,27.5759141603963,23.1837449200214,5.3913943350576,5.3913943350576,-6.1689177146757,5580.60383075189,,,,1.62216431400652,60562381.0,0.10822600603684,32.646,2.3642890283083,67.354,3886600.09765625,,1594000000.0
South Africa,ZAF,2021,0.0241341081623645,9.6602653363801,3.14706810841518,163.128,2.75541,987583.0,74.9686,31.1035988061883,24.9311150310516,6.53869058287115,6.53869058287115,4.95503259440756,6843.39941886204,96.6999969482422,90.0,,1.54055743832642,61502603.0,0.01889944879368,32.153,2.26984532182972,67.847,,,
South Africa,ZAF,2022,0.583562977630042,2.27046857469365,3.72566269936753,160.729,3.12297,935049.0,75.4556,33.3714495540545,31.4115525789563,4.99247138395964,4.99247138395964,1.91147996033504,6523.41097815853,,,,1.41397227960081,62378410.0,-0.115404509414237,31.665,2.13066233576154,68.335,,,
South Africa,ZAF,2023,-0.733714859269321,1.01471020714548,,171.509,3.40566,934721.0,75.6592,32.7545268675424,32.4255686814627,4.80427142694981,4.80427142694981,0.698485193724835,6022.54254192335,,,,1.32810094082844,63212384.0,-0.212207266241273,31.181,2.03388201639385,68.819,,,
South Africa,ZAF,2024,-0.315766270440371,0.582175041986934,,,,1066247.0,,31.8498451859901,29.8527528715858,3.8432983868135,3.8432983868135,0.579853692303914,6253.37158194543,97.1699981689453,91.1500015258789,,1.24951426055192,64007187.0,-0.298594745367228,30.702,1.94312982083253,69.298,,,
Spain,ESP,2019,2.9067834147218,2.16052375036307,,116.696,32.922,834027.0,90.7187,34.6755629292261,31.6906621148431,1.42867123652391,1.42867123652391,1.96117850841711,29786.5245689007,,,34.3,0.716697775475724,47118501.0,-0.530950516680407,19.435,1.02001764768787,80.565,126170000.0,22816000.0,
Spain,ESP,2020,4.3639170223537,2.92165980781023,,116.712,33.9528,1022461.0,93.2056,30.4810248544563,28.9651031602513,1.13391454164042,1.13391454164042,-10.9400706350371,27233.9426461608,99.620002746582,98.5899963378906,34.9,0.510010189620998,47359424.0,-0.758623972631372,19.19,0.813653099210624,80.81,36410000.0,6236000.0,
Spain,ESP,2021,3.50614720923462,4.42272902452136,,119.0,34.9302,1185347.0,93.8975,33.7570843255301,32.7675046176609,2.55611236501613,2.55611236501613,6.68314420473001,30799.4775937775,99.7300033569336,99.6999969482422,33.9,0.178046695121711,47443821.0,-1.11215832307533,18.944,0.482002006721022,81.056,,,
Spain,ESP,2022,4.83719251483578,4.52740675341745,,123.4,35.7846,1292439.0,94.4855,39.7551303881907,38.8724320759099,4.71187421007816,4.71187421007816,6.17931219966114,30270.2687017458,,,33.6,0.718854879160094,47786102.0,-0.598902115526839,18.696,1.02434695745198,81.304,,,
Spain,ESP,2023,2.44889482735525,2.6512753496567,,127.715,37.2148,1389353.0,95.4456,38.0592582111746,34.1324706805738,6.23528006974459,6.23528006974459,2.6756634629066,33509.0127982139,,,33.4,1.16881504089364,48347910.0,-0.166557369715535,18.448,1.47338087747604,81.552,,,
Spain,ESP,2024,3.29082807549289,1.98001092809134,,,,1464800.0,95.7575,37.2927827939586,33.0122572688199,2.9829920792457,2.9829920792457,3.15019564517223,35297.0094995565,,,,0.945355767423027,48807137.0,-0.419063544342617,18.198,1.25143809575998,81.802,,,
Sweden,SWE,2019,4.11916863469749,2.98447516897391,,125.457,39.2906,264047.0,94.4934,48.2412138172619,44.2798696637669,2.42065005761071,2.42065005761071,2.54964787203104,51773.0464558993,,,29.3,1.01372226345511,10278887.0,-1.21477073615386,12.292,1.33004433880562,87.708,7616000.0,19061000.0,
Sweden,SWE,2020,4.14373532409917,3.39683456902909,,123.549,40.368,338969.0,94.5394,44.2599429832196,40.0708387887778,1.79366290628502,1.79366290628502,-2.0053375219518,52653.7565934247,,,28.9,0.722703912882934,10353442.0,-1.49005557601014,12.023,1.02894002235642,87.977,1957000.0,6081000.0,
Sweden,SWE,2021,9.93934993975539,9.09954665874792,,124.961,40.8351,402066.0,94.6703,47.2996459572001,42.9783402221752,2.74063332906569,2.74063332906569,5.93750858896414,61174.9680215622,,,29.8,0.600591532839468,10415811.0,-1.59410510031156,11.762,0.896813771764536,88.238,,,
Sweden,SWE,2022,11.3604101168669,9.31834204985397,,140.782,40.6093,480359.0,95.0097,53.8802781349213,51.974737140744,5.781937156664,5.781937156664,1.45928849980044,55296.9371472535,,,31.6,0.68058286829853,10486941.0,-1.50261159474462,11.508,0.968032399844047,88.492,,,
Sweden,SWE,2023,7.02154328424454,3.14953629798377,,140.266,40.734,558403.0,95.7033,55.3822247813677,51.3586535274542,6.03613421896053,6.03613421896053,-0.114161935397789,55567.0890080496,,,29.3,0.472717863265105,10536632.0,-1.68813169818885,11.262,0.750326881306508,88.738,,,
Sweden,SWE,2024,5.67950808846561,4.72920886954297,,,,582362.0,95.5293,54.601308444525,50.2096858272109,2.78772865046054,2.78772865046054,0.973832212948594,57723.2345031532,,,,0.313432129983607,10569709.0,-1.82245332437513,11.024,0.581270101200291,88.976,,,
Turkiye,TUR,2019,0.395660524797483,1.24926755538016,1.4389807755633,94.6498,16.6733,453706.0,73.9767,33.0742160572998,30.1190768431148,13.8677568970462,13.8677568970462,0.818514526726673,9215.44049888114,99.9100036621094,96.7399978637695,43.8,1.42969688109789,82579440.0,-0.548955802481099,24.37,2.07570312325182,75.63,51747000.0,9651000.0,5354000000.0
Turkiye,TUR,2020,0.451315602824872,1.04423130250652,1.78098964848134,95.3961,19.4384,570108.0,77.6696,29.1207901808282,32.2229655859371,14.7893415893496,14.7893415893496,1.85987303976462,8638.73903848102,,,43.0,0.970386031353162,83384680.0,-0.997981310132594,23.895,1.59648082414676,76.105,15971000.0,2243000.0,1639000000.0
Turkiye,TUR,2021,0.786714671067437,1.54586383583081,1.68715518299552,99.5415,20.9211,652636.0,81.4084,35.7436961064769,35.338747854855,28.9730004765532,28.9730004765532,11.4393956926566,9743.21277804855,99.9599990844727,97.2600021362305,44.4,0.910444902564511,84147318.0,-1.05048408041077,23.431,1.51827751324798,76.569,,,
Turkiye,TUR,2022,0.543920155462904,1.5195369726187,2.10578210553056,103.721,21.823,778926.0,83.4372,38.5842021809785,42.5859275135465,96.0361986700836,96.0361986700837,5.53342787492781,10674.504157865,92.23,,44.5,0.984586244469359,84979913.0,-0.967684992337478,22.978,1.5744667681167,77.022,,,
Turkiye,TUR,2023,0.533242497111342,0.953004409142305,1.89541355790661,105.684,22.4592,843190.0,85.9607,31.9158356904098,34.3607690189066,68.233934158098,68.233934158098,5.11116818488702,13105.6585004778,,,,0.406389351118662,85325965.0,-1.53149049965711,22.537,0.977319087907462,77.463,,,
Turkiye,TUR,2024,0.499677005496773,0.887433012030944,,,,949548.0,87.3079,28.045069179622,27.7767152730999,58.4849131803454,58.4849131803454,3.18402435479221,15473.2872636856,,,,0.225580501096507,85518661.0,-1.70083319910077,22.107,0.779150192091715,77.893,,,
United Kingdom,GBR,2019,-0.753954193168224,0.694070007703284,0.0037352358134409,120.25,40.0228,2405337.0,92.5166,31.63478028095,33.0303533562736,2.13295139419517,2.13295139419517,1.62447518038404,42794.0022648288,,,32.8,0.514596380840432,66631000.0,-1.02716494963622,16.348,0.818697366540708,83.652,40857000.0,93086000.0,
United Kingdom,GBR,2020,0.607703721532752,5.82864205974733,0.0360576076622416,117.305,40.5775,2445275.0,94.8182,29.6697957580892,29.1113418392136,4.96982050842443,4.96982050842443,-10.296918859171,40404.8062238951,,,32.6,0.169447088341033,66744000.0,-1.37781568262727,16.097,0.469050071710464,83.903,11101000.0,23827000.0,
United Kingdom,GBR,2021,5.1139669551206,0.160847823124997,0.625831825454981,117.887,41.1135,2954879.0,96.1965,29.1802747877833,29.4042618360024,0.066556651367506,0.066556651367506,8.57595087393024,46926.475736105,,,32.4,0.358937930235741,66984000.0,-1.20002904544029,15.848,0.655270844323942,84.152,,,
United Kingdom,GBR,2022,4.01052148511915,1.44178892281254,0.66293169840383,119.834,41.2867,3003030.0,96.2989,33.5671944737788,35.3133356660075,5.44390476600624,5.44390476600624,4.83908517877134,46062.9914079698,,,,0.921336799385098,67604000.0,-0.643080767671125,15.602,1.21323809207328,84.398,,,
United Kingdom,GBR,2023,0.896398790352631,0.409209760829812,0.588538120123717,122.796,41.4368,3243401.0,96.2988,31.9794112168664,33.0529270411278,6.88853758661627,6.88853758661627,0.39708234553963,49200.8101526146,,,,1.30497972307431,68492000.0,-0.271282966612711,15.358,1.59366947201538,84.642,,,
United Kingdom,GBR,2024,1.87457090384564,0.0961822157060986,,,,4738464.0,,30.6377190511784,31.7697823457053,4.01174057473806,4.01174057473806,1.10066786639271,52636.7865943853,,,,1.0659564474212,69226000.0,-0.522314201334024,15.116,1.3514582215665,84.884,,,
United States,USA,2019,0.533551977898589,1.46696501417689,2.08682236588789,105.321,33.8352,40706354.0,89.4303,11.7891974097286,14.4692832148142,1.65046566913468,1.65046566913468,2.58382533018889,65227.9565911038,,,41.9,0.515108555014533,330226227.0,-0.635535299847193,17.541,0.761595157723461,82.459,165478000.0,170930093.75,186079000000.0
United States,USA,2020,1.32213923271427,0.641871902381299,1.81442616676516,103.855,35.7157,46678110.0,90.3447,10.0736556273372,13.0061222420701,1.32883273821456,1.32883273821456,-2.16302913866512,64401.5074354212,,,40.0,0.408427566758519,331577720.0,-0.767144169036004,17.336,0.656727102951006,82.664,45037000.0,60549898.4375,48837000000.0
United States,USA,2021,1.44482297771508,2.01829546351403,1.99996947348267,106.325,37.0074,52122869.0,91.2684,10.7909781995156,14.422677831261,4.56598550261991,4.56598550261991,6.05505293304556,71307.4017277218,,,39.7,0.157317408951545,332099760.0,-1.0555930668173,17.127,0.409829196265549,82.873,,,
United States,USA,2022,1.49516899231292,1.60299809746593,1.9742343841129,108.786,37.4888,60194281.0,92.2016,11.6022279170372,15.2894619130397,7.1294808542103,7.1294808542103,2.5123753198332,77860.9112908848,,,41.7,0.575744520494521,334017321.0,-0.663880303790005,16.916,0.830027438814483,83.084,,,
United States,USA,2023,1.26650801031099,1.30568089005227,1.67368059775669,112.411,38.1475,62879335.0,93.1444,11.0115112856601,13.8878518583345,3.59839135378085,3.59839135378085,2.88755600905984,82304.6204272866,,,41.8,0.83149318773707,336806231.0,-0.441650933728023,16.702,1.08873258073205,83.298,,,
United States,USA,2024,1.10388286541426,1.01784861961104,,,,66850221.0,,10.8968750610333,13.9911166360401,2.41809815948876,2.41809815948876,2.79619035621393,85809.9003846356,,,,0.976421684505429,340110988.0,-0.331339129782075,16.485,1.23659363787414,83.515,,,
