rank,uri,artist_names,track_name,source,peak_rank,previous_rank,weeks_on_chart,streams
1,"spotify:track:6BWgLorAwF17ofyu8361HM","Shallipopi, ODUMODUBLVCK","Cast","Dvpper Digital",1,1,10,"835436"
2,"spotify:track:5KV5UXd1uNZZafWTudrVft","Wizkid, Zlatan","IDK (feat. Zlatan)","Starboy/RCA Records",1,2,3,"695854"
3,"spotify:track:1IMRi5UVOV77PsAgdWDvzh","Chike, Mohbad","Egwu","Brothers Records, under exclusive license to ONErpm",3,4,4,"690986"
4,"spotify:track:02qAdqcn1HGt3RMWMTDkSe","Kizz Daniel","Twe Twe","FlyBoy INC / EMPIRE",2,3,5,"653355"
5,"spotify:track:35MU2MEhQMw0NhXZztAP9m","ODUMODUBLVCK, Bloody Civilian, Wale","BLOOD ON THE DANCE FLOOR (feat. Bloody Civilian and Wale)","Native Sounds/Def Jam PS",1,5,14,"558318"
6,"spotify:track:7FB5261Iv3MRbSz13HYP5l","Seyi Vibez","Different Pattern","Dvpper Digital",2,10,5,"535196"
7,"spotify:track:0zVk3uuV9UhxAt48F3OL12","Omah Lay","Holy Ghost","KeyQaad/Sire Records",1,6,9,"503674"
8,"spotify:track:0UEct6UTSjqEex8AHOUf5z","Wizkid","Diamonds","Starboy/RCA Records",3,9,3,"493858"
9,"spotify:track:652eb66Jp9rLJ3erEwaCio","Seyi Vibez","Cana","Dvpper Digital",3,11,5,"493545"
10,"spotify:track:0RPXUuLjVHolWYkaXCndXD","Rema","DND","Mavin Records / Jonzing World",1,8,11,"485673"
11,"spotify:track:0x3sDnom0itB72oEVrRE7v","Wizkid, Wande Coal","Ololufe (feat. Wande Coal)","Starboy/RCA Records",2,7,3,"463760"
12,"spotify:track:6rOqLUy3kp0PVQQEtNPpbQ","Sarz, Asake, Gunna","Happiness (feat. Asake & Gunna)","1789 under exclusive license to UnitedMasters LLC",5,12,5,"455562"
13,"spotify:track:5ZtK8XAVnoaGdBXZWCEVCY","Asake","Lonely At The Top","YBNL Nation / EMPIRE",1,13,30,"430550"
14,"spotify:track:2LP8KwtvzUx1onvXKQCoKR","ODUMODUBLVCK, Black Sherif","WOTOWOTO SEASONING (feat. Black Sherif)","Native Sounds/Def Jam PS",7,17,6,"427843"
15,"spotify:track:7CkDjDtJjCZA7AW7RBvrvC","Victony, Bella Shmurda, Crayon","OHEMA (with Crayon & Bella Shmurda)","Encore Recordings",5,14,8,"410673"
16,"spotify:track:59sAr7NvZDeH7oYrkiyZcQ","Young Jonn","Aquafina","Chocolate City Music",5,19,37,"390603"
17,"spotify:track:2JtrWZrpNkbSEzG5m9phAV","Zinoleesky","Sunny Ade","Marlian Music",17,-1,1,"382733"
18,"spotify:track:7yKjDDd9w01nFEOD5adoHq","Phyno, Burna Boy","Do I - Remix","Penthauze / Spaceship Ent.",11,15,4,"381764"
19,"spotify:track:4RoKNqyZ9622tcAeNPNv5k","Burna Boy","City Boys","Spaceship/ Bad Habit/Atlantic Records",1,16,20,"361968"
20,"spotify:track:2oXElJdmnDXKkeWNEYiK7A","Kizz Daniel","Too Busy To Be Bae","FlyBoy INC / EMPIRE",17,21,5,"350996"
21,"spotify:track:19IAoqAkRQ5tC1U0p7SWpZ","Young Jonn","Sharpally","Chocolate City Music",8,20,25,"348898"
22,"spotify:track:2H0w7oYDjUvgsFlNQ5swIg","Asake","Basquiat","YBNL Nation / EMPIRE",2,23,30,"313829"
23,"spotify:track:5mhM7bfzv52bzfCzlq8vH1","Crayon, Ayra Starr","Ngozi","Mavin Records/Blowtime Entertainment",3,26,25,"313346"
24,"spotify:track:5dVJTSZhL2n81ZkT4PZu0x","Olamide","Jinja","YBNL Nation / EMPIRE",3,24,23,"306962"
25,"spotify:track:6GxsePQAbaPlzWefozE62n","Wizkid","Energy","Starboy/RCA Records",5,18,3,"305714"
26,"spotify:track:1mk8ZC9OeTZMr8Wy31LqRj","Davido","FEEL","Columbia",2,25,42,"293247"
27,"spotify:track:33YyxlITLtLIUtdU3o62fU","Nasboi, Wande Coal","Umbrella","Eminent Transglobal Sounds Record Limited, Under Exclusive License to ONErpm",14,22,7,"291413"
28,"spotify:track:6bBQmflDHD8a35PeZjw44J","Zerrydl","Popo","Dvpper Digital",28,43,4,"287634"
29,"spotify:track:1n3JvneU8FhfldfTQ8BdZs","Asake","2:30","YBNL Nation / EMPIRE",1,30,41,"274948"
30,"spotify:track:747cO9FmyVvRCrsRusfwdL","Omah Lay","reason","KeyQaad/Sire Records",1,32,31,"272667"
31,"spotify:track:7CIhImlbs2RtT58oKnvROT","Zerrydl, Shallipopi","Puff & Pass (Remix)","Dvpper Digital",25,27,12,"267634"
32,"spotify:track:1JqxgXNhqWpFss7nZzlwOz","Burna Boy, Seyi Vibez","Giza (feat. Seyi Vibez)","Spaceship/ Bad Habit/Atlantic Records",2,33,20,"267089"
33,"spotify:track:22zSEWIqoJuGeRI2CIfHpU","Shallipopi","Oscroh (Pepperline)","Dvpper Digital",1,28,13,"254470"
34,"spotify:track:25k1dcqUAmq4uYKUFj7u3o","Kizz Daniel","My G","FlyBoy INC / EMPIRE",11,34,20,"249844"
35,"spotify:track:0QdQh3umB7stVOExuHlWvl","ODUMODUBLVCK","DECLAN RICE","Native Sounds/Def Jam PS",1,35,42,"248968"
36,"spotify:track:5WAFaje0Cs3hHhNqjUIfY6","Shallipopi","Ex Convict","Dvpper Digital",3,29,27,"248005"
37,"spotify:track:6TBpPOmLOa1mInpq3PIz6N","Shallipopi, Pa Monday-Edo","Obapluto (feat. Pa Monday-Edo)","Plutomania / Dvpper Music",3,31,27,"247565"
38,"spotify:track:4nFrcGM7MY1mpoQCC7Kefj","Tems","Me & U","RCA Records/Since 93'",12,36,14,"245849"
39,"spotify:track:1RdJBwpiYkf3mB8Tlak7ck","Khaid, Shallipopi","Marry","NEVILLE RECORDS",22,38,3,"242092"
40,"spotify:track:0YeUYYOh25Cn57DKTC8uS4","BNXN, Kizz Daniel, Seyi Vibez","GWAGWALADA","T.Y.E. / EMPIRE",2,37,48,"240387"
41,"spotify:track:78tFy3vJclsTgNS0AXqgWp","Seyi Vibez","Shazam","Dvpper Digital",7,39,5,"238773"
42,"spotify:track:3EfMWIEGQB24dQv5x4Hwvx","ODUMODUBLVCK, Cruel Santino, Bella Shmurda","DOG EAT DOG II (feat. Cruel Santino and Bella Shmurda)","Native Sounds/Def Jam PS",5,41,33,"237325"
43,"spotify:track:7vKXc90NT5WBm3UTT4iTVG","Davido, FAVE","KANTE (feat. Fave)","Columbia",5,40,42,"235267"
44,"spotify:track:2GWkO5XkrxGJJWrKxLLRjA","Young Jonn","Go Hard","Chocolate City Music",25,80,8,"232371"
45,"spotify:track:49ytLGEP5S20N3AhB5YuwJ","Adekunle Gold, Zinoleesky","Party No Dey Stop (with Zinoleesky)","Adekunle Gold PS/ Def Jam",1,50,44,"217062"
46,"spotify:track:4bE2eWDiGBzRgfTl5IPBW4","Mohbad","Ask About Me","Imolenization",1,44,39,"215302"
47,"spotify:track:7sFukIJffFFLwnazXIbqP5","ODUMODUBLVCK, Amaarae","KUBOLOR (feat. Amaarae)","Native Sounds/Def Jam PS",4,49,14,"213947"
48,"spotify:track:5F4OfeowSReF93KcH2eUcG","Young Jonn","Xtra Cool","Chocolate City Music",1,46,68,"212375"
49,"spotify:track:1jYIMLLTKnecfOgccQnaHb","Seyi Vibez","Today","Dvpper Digital",9,48,5,"205587"
50,"spotify:track:6p7wYE8Dn8qR4ZWbi0glTK","Seyi Vibez","Apala Interlude","Dvpper Digital",6,45,5,"201651"
51,"spotify:track:4jcrO2T6XJ1B7hXsAEJ3ve","BNXN","Pidgin & English","T.Y.E. / EMPIRE",6,55,15,"198610"
52,"spotify:track:1YgIvHDTvi1vosins1jyAC","Asake, Olamide","Amapiano","YBNL Nation / EMPIRE",1,47,34,"194986"
53,"spotify:track:2pIQ4AKOtPukeUltnNsTWZ","Shallipopi","Things on Things","Dvpper Digital",3,42,13,"190247"
54,"spotify:track:6WUdooO1NS5LZadjGNwY5U","Zerrydl","Puff & Pass","Plutomania Records / Dapper Music & Ent , under exclusive license to Dvpper Digital LTD.",8,51,21,"188741"
55,"spotify:track:1hVU0YUYyYvTh6cUJv9LHo","Rema","Red Potion","Mavin Records / Jonzing World",6,52,11,"188652"
56,"spotify:track:2eknBYpfzA4Mp5zWHMGac5","Young Jonn","If You Leave","Chocolate City Music",17,53,64,"184611"
57,"spotify:track:5bh6Uoxkt8Jjzhr1C4ibiD","ODUMODUBLVCK","COMMEND","Native Sounds/Def Jam PS",8,56,14,"183683"
58,"spotify:track:3qH7uGwlgr7tmoL4ksRhPi","Victony, Babyboy AV","Jaga Jaga (with Babyboy AV)","Encore Recordings",24,67,15,"180987"
59,"spotify:track:5ycsqezujKrwviU3VFhci1","Asake","Terminator","YBNL Nation / EMPIRE",1,54,73,"180315"
60,"spotify:track:1U1RKt97fE9kZvPCrRedm4","Khaid","Anabella","NEVILLE RECORDS",22,57,26,"179468"
61,"spotify:track:08PSIQHP9odhZKX87tlK56","Blaqbonez","LIKE ICE SPICE","Chocolate City Music",7,58,27,"177539"
62,"spotify:track:2GG6ETOQ8jiXcKYrwhNi0M","Blaqbonez, Jeriq","NYEM EGO (feat. Jeriq)","Chocolate City Music",6,62,11,"172170"
63,"spotify:track:3sil7Oby0Ig9BeY70nKmZv","Shallipopi","Never Ever","Dvpper Digital",25,61,9,"171580"
64,"spotify:track:6t2X8OIGbNqkNrF6k9bkPd","Pheelz, Young Jonn","JELO (feat. Young Jonn)","Warner Records",46,63,19,"170106"
65,"spotify:track:6OhEAnxF6FzPoUU3KxH44F","Seyi Vibez","Man of The Year","Vibez Inc / Dvpper Music",7,68,29,"168955"
66,"spotify:track:6GkFuU6FVfx866bhM1T1Iz","Qing Madi, BNXN","Ole (feat. BNXN)","Bu Vision",9,76,25,"164938"
67,"spotify:track:2FDTHlrBguDzQkp7PVj16Q","Dave, Central Cee","Sprinter","Neighbourhood / Live Yours",2,72,32,"164676"
68,"spotify:track:7K9wl9YIk1nCnTKNE1K3ta","Rema","Trouble Maker","Mavin Records / Jonzing World",3,66,11,"159017"
69,"spotify:track:2OES8BEd3LwImek13bYb1p","Zlatan","10 Bottles","Zanku Records",30,75,7,"156954"
70,"spotify:track:1F6j0Av7r5UfFNJlSt5hAk","Boy Spyce","Pepe","Mavin Records",70,74,5,"156340"
71,"spotify:track:0V9hYbo9uL11hqLP3u0yqA","Patoranking, Victony","Babylon","AMARI MUSIQ",60,82,18,"156182"
72,"spotify:track:3sKWRWuDKm0NODw7kB8xUD","Phyno","Do I","Penthauze",63,70,18,"153622"
73,"spotify:track:3YPtN5X0HxIzeRCHxfoXTy","Asake","Mogbe","YBNL Nation / EMPIRE",7,78,30,"153470"
74,"spotify:track:25W9CqMMIa5TN1w3uJAhrb","Flavour","Big Baller","2Nite Music Group",59,59,6,"152520"
75,"spotify:track:27ljhWE3Or1KGydIHcMiiH","Zinoleesky","Sakara","Marlian Music",10,73,4,"152280"
76,"spotify:track:05A6mr7C2bP7uPrEQrj9qk","Burna Boy","Tested, Approved & Trusted","Spaceship/ Bad Habit/Atlantic Records",9,81,20,"149521"
77,"spotify:track:26ie1qNqSkk62pgFBvOpKc","Young Jonn","Disconnect","Chocolate City Music",77,170,6,"148717"
78,"spotify:track:487d7D0DF6hPsXQmW5g8pn","Shallipopi","Evil Receive","Dvpper Digital",6,65,10,"147839"
79,"spotify:track:4kdLYxqvPduwC5oAdXhMLh","Seyi Vibez","Karma","Vibez Inc / Dvpper Music",34,90,29,"146993"
80,"spotify:track:4yZIlBKbrvOfQlhR0oZvwS","Ayra Starr","Rhythm & Blues","Ayra Starr",33,83,17,"145933"
81,"spotify:track:0Q1bMs3xLQiDEeaneehdxv","Asake","Remember","YBNL Nation / EMPIRE",12,86,30,"145649"
82,"spotify:track:0ESoMa1oGHddkMeNodec7u","Mohbad","Peace","Marlian Music",3,69,53,"144759"
83,"spotify:track:4PKxskDMb62jvG5Li46vkH","Asake","I Believe","YBNL Nation / EMPIRE",9,79,30,"144404"
84,"spotify:track:1CNquhNCNiX6le62xuq23D","Teejay, Davido","Drift (Remix)","Warner Records",49,64,4,"142825"
85,"spotify:track:5DttTktPy0RMZPz4UNfFm4","Davido, Asake","NO COMPETITION (feat. Asake)","Columbia",4,85,42,"142688"
86,"spotify:track:731NDNG7VQOA2KBnS43jqr","BNXN","PRAY","T.Y.E. / EMPIRE",3,84,36,"142326"
87,"spotify:track:1RnRPPu3XPtftOhs1qF1hY","Shallipopi","Elon musk","Shallipopi music / Dvpper Music",31,71,40,"137076"
88,"spotify:track:2kaH2Z8ezDUKf6fNw250rZ","Davido, Musa Keys","UNAVAILABLE (feat. Musa Keys)","Columbia",2,77,42,"136414"
89,"spotify:track:5UwxpuGHkwiojKDaPC5ZNu","Asake","Joha","YBNL Nation / EMPIRE",1,88,71,"136072"
90,"spotify:track:1wADwLSkYhrSmy4vdy6BRn","Omah Lay","soso","KeyQaad/Sire Records",1,92,78,"135702"
91,"spotify:track:3SA6Rfor4ghxWbyxxdpV3c","Lojay, Olamide","Arizona","KORATORI",31,96,7,"132777"
92,"spotify:track:7ydy7ryXw7XM5QtE3bNYaW","Blaqbonez, Young Jonn","NO SLEEP $$$ (feat. Young Jonn)","Chocolate City Music",31,102,11,"131903"
93,"spotify:track:1WsIk6g7dD8LZouywnzGUb","Burna Boy, Byron Messia","Talibans II - Bonus Track","Spaceship/ Bad Habit/Atlantic Records",11,98,25,"131200"
94,"spotify:track:35UGCXaOBmhBUmKK81NQBH","Mohbad, Bella Shmurda","PARIWO","Imolenization",6,97,25,"131000"
95,"spotify:track:1V0fn2z6DXgpCAeyC0qd9k","Shallipopi, Zerrydl","Wet on Me","Dvpper Digital",16,91,9,"130923"
96,"spotify:track:44G2gUVQvNNZ6w3i05tR4n","Chris Brown, Davido, Lojay","Sensational (feat. Davido & Lojay)","Chris Brown Entertainment/RCA Records",11,95,12,"130216"
97,"spotify:track:3kqE7QmylUIJV3QXC6arrR","Victony","Kolomental","Encore Recordings",3,106,90,"130003"
98,"spotify:track:08tSNwcNYM9yjuYF9jFvOu","ODUMODUBLVCK, ECko Miles, Zlatan","PICANTO (feat. Zlatan and ECko Miles)","Native Sounds/Def Jam PS",9,105,60,"128741"
99,"spotify:track:1iBWjQ9af9NnUd5xnQDB3k","Rema","Charm","Mavin Records / Jonzing World",1,87,37,"125106"
100,"spotify:track:3A17uQFJab0NDpyIeZAavF","Burna Boy","Big 7","Spaceship/ Bad Habit/Atlantic Records",2,101,24,"123636"
101,"spotify:track:5tM3Fo4qBqDAwWJ9ZY5AtX","Fireboy DML","yawa","YBNL Nation / EMPIRE",28,100,29,"123378"
102,"spotify:track:0U6EtYtNKv8t3o9cjniLn2","Olamide, Asake","New Religion","YBNL Nation / EMPIRE",2,93,33,"123250"
103,"spotify:track:7qxtOyjZ2zSaxBPH8fLyNi","Khaid, Boy Spyce","Carry Me Go","NEVILLE RECORDS",8,99,44,"122532"
104,"spotify:track:4o9Byedt716sEyVFu1cQjZ","Seyi Vibez","Dejavu","Vibez Inc / Dvpper Music",10,116,31,"121856"
105,"spotify:track:0XL0niXGoEmf0IJs3A8tjt","Fireboy DML, Blaqbonez","Outside (feat. Blaqbonez)","YBNL Nation / EMPIRE",21,103,5,"120420"
106,"spotify:track:66hwnejSDoMXppajTx1jc6","Kukbeatz, Ruger","All of Us","The Archangel Inc.",67,89,5,"117489"
107,"spotify:track:4qUTCsIwWKP9OUeF2DY2qR","ODUMODUBLVCK","MC OLUOMO","Native Sounds/Def Jam PS",14,119,17,"116355"
108,"spotify:track:2mwNqgMNrguu5Xlns3kqeg","Wande Coal, Wizkid","Ebelebe (feat. Wizkid)","Starstruck Management / EMPIRE",21,121,33,"115417"
109,"spotify:track:1OGZU2zmK6x0UnM3yeZ4lR","Victony","Apollo","Encore Recordings",10,122,70,"115053"
110,"spotify:track:6WZVnqQ9OZRSGZmXyHHlV3","KCee","Ojapiano","Five Star Music",6,94,32,"114956"
111,"spotify:track:5GEJ9JlbSlPleQU3yb2P5y","Mayorkun","Lowkey!","SM Entertainment West Africa Limited",46,112,13,"114826"
112,"spotify:track:25Kyv5SeEenT0EETpP2hYn","Victony, Rema, Tempoe, Don Toliver","Soweto (with Don Toliver, Rema & Tempoe)","Encore Recordings",4,107,43,"114484"
113,"spotify:track:7eo9YPXQqZjB1DxYAnvHqy","BNXN","Sweet Tea (Aduke)","T.Y.E. / EMPIRE",15,128,19,"113818"
114,"spotify:track:4ep9gcsJVxih0bCWGovfbW","Zerrydl","Knack Am","Dvpper Digital",103,135,4,"113604"
115,"spotify:track:3XmvXK6pJRewCn6mAfmsdS","Adekunle Gold","Ogaranya","Adekunle Gold PS/ Def Jam",8,108,26,"113573"
116,"spotify:track:1tOp1bXhT9tvydSAGDHdQy","Tiwa Savage, Ayra Starr, Young Jonn","Stamina","We4we/Everything Savage",5,104,44,"112678"
117,"spotify:track:3Aq8OvogNStehUPJcNDEZT","Burna Boy","Dey Play","Spaceship/ Bad Habit/Atlantic Records",6,123,20,"111734"
118,"spotify:track:5YbPxJwPfrj7uswNwoF1pJ","Burna Boy","Last Last","Spaceship/ Bad Habit/Atlantic Records",1,120,87,"111547"
119,"spotify:track:3ceZIRUX8m8qFFcnEDkj2K","Rema","Holiday","Mavin Records / Jonzing World",1,109,47,"110178"
120,"spotify:track:6ewsOjbC1jWAZcjAhVxDs0","Asake","Peace Be Unto You (PBUY)","YBNL Nation / EMPIRE",1,115,83,"109205"
121,"spotify:track:1oq33HJBs0rDmjjZ2rVFyG","King Promise","Terminator","5K Records Limited",26,114,30,"109056"
122,"spotify:track:5niDuFKelKf0GRtLWr4FNL","Khaid","Jara","NEVILLE RECORDS",24,126,19,"108839"
123,"spotify:track:4XYpWMW1ec7GJW2Eq8UA9k","ODUMODUBLVCK","Dog Eat Dog","ANTIWORLD GLOBAL MUSIC",22,133,53,"108707"
124,"spotify:track:1poRETjajYVQloCYiNN7IC","Rema","Smooth Criminal","Mavin Records / Jonzing World",4,111,11,"107640"
125,"spotify:track:6lrAyxpomr1dkHltiUqWSw","Olamide","Gaza","YBNL Nation / EMPIRE",5,125,23,"107498"
126,"spotify:track:2qWwuCVeMjF9mUT0S5Iqvl","Fireboy DML, Asake","Bandana","YBNL Nation / EMPIRE",1,124,79,"105756"
127,"spotify:track:4rXLjWdF2ZZpXCVTfWcshS","Gunna","fukumean","300 Entertainment",32,118,30,"105629"
128,"spotify:track:6z5y2kdxF4XrEVRFVqdGVL","Ruger","Asiwaju","Promised Land Recordings",1,117,61,"104927"
129,"spotify:track:3FyxwVvc9JqmVl5IVDPaNU","Burna Boy, Dave","Cheat On Me (feat. Dave)","Spaceship/ Bad Habit/Atlantic Records",3,130,21,"104863"
130,"spotify:track:5VF45DoQu9oT7Se5ieLoZk","ODUMODUBLVCK, Fireboy DML","FIREGUN (feat. Fireboy DML)","Native Sounds/Def Jam PS",4,127,28,"104815"
131,"spotify:track:5aIVCx5tnk0ntmdiinnYvw","Tyla","Water","FAX Records/Epic",59,110,19,"103394"
132,"spotify:track:5oObSi6drHYOKYjfyVQkC0","Bahd Man Niko","Off The Planet (OTP)","Bahd Man Niko",110,139,9,"102070"
133,"spotify:track:0int0g8dikLn0uhd1b1iZu","Mohbad","Feel Good","Marlian Music",7,113,68,"101442"
134,"spotify:track:3ncCdwV4rnFY9YNzsh4KGo","Hotkeed, Yo X","Metro","Hotkid / Yo X",134,141,2,"99725"
135,"spotify:track:0TZMDJP2MrGTSmWqUnswUh","Kizz Daniel","Shu-Peru","FlyBoy INC / EMPIRE",13,136,35,"99436"
136,"spotify:track:1LI2n5x6htKLCAzc6lCN8k","BhadBoi OML","Shkran Lak","Dvpper Digital",136,172,4,"99220"
137,"spotify:track:0YGSh7YrEtSQ6z4icTszc1","Falz, Flavour, ODUMODUBLVCK","NDI IKE","BahdGuys Entertainment Limited, under exclusive license to Jungle Entertainment Ventures",15,132,23,"98671"
138,"spotify:track:14gQ7SmMZeeEC3YAPB5vFw","Davido","AWAY","Columbia",6,137,42,"98306"
139,"spotify:track:2dMDbU8IYPSltZayJLQ9Mb","Sunmisola Agbebi","B'Ola (Honour)","Sunmisola Agbebi",116,145,26,"97961"
140,"spotify:track:2wgvxtggKVzPkl0smF2UzI","Asake","Organise","YBNL Nation / EMPIRE",1,134,71,"97501"
141,"spotify:track:2YX36JGUeTOzGEwjsAQd1U","Kizz Daniel","﻿﻿Anchovy","FlyBoy INC / EMPIRE",93,142,14,"97254"
142,"spotify:track:59nOXPmaKlBfGMDeOVGrIK","Future, Drake, Tems","WAIT FOR U (feat. Drake & Tems)","Epic/Freebandz",5,151,89,"97107"
143,"spotify:track:6qk3jI8bKCgURI3h0d8zBZ","Wande Coal","Again","Starstruck Management, Inc. / EMPIRE",43,129,93,"95818"
144,"spotify:track:7rIHP8C7oHYONnJpLjVnAc","Zinoleesky","Many Things","Marlian Music",1,148,38,"94920"
145,"spotify:track:1X9zmng42hJSwZ3gz8Q9v7","Blaqbonez, ODUMODUBLVCK","DOLLERZ (feat. ODUMODUBLVCK)","Chocolate City Music",30,140,11,"93885"
146,"spotify:track:3z4CGd63tpUn9a6oQSG0CI","Dave, Burna Boy","Location (feat. Burna Boy)","Neighbourhood [GB] / Dave",48,157,100,"93270"
147,"spotify:track:5tpft20jhQvRlG3O7XfwWy","Tyler ICU, Tumelo_za, DJ Maphorisa, Nandipha808, Ceeka RSA, Tyrone Dee","Mnike (feat. DJ Maphorisa, Nandipha808, Ceeka RSA & Tyron Dee)","New Money Gang Records",82,131,30,"92493"
148,"spotify:track:3Z19t8pNaAHqlLmz2LuwNa","BNXN","Best Of Me","T.Y.E. / EMPIRE",10,144,15,"92181"
149,"spotify:track:7IK3W4llnnZsSxA9Dm8uhr","Majeeed, Lojay","Cry (shayo) (feat. Lojay)","Dream Empire Music / EMPIRE",149,-1,1,"90657"
150,"spotify:track:0upnuatnbGnFV7HJgCm9Xj","Adekunle Gold, ODUMODUBLVCK","Wrong Person (with ODUMODUBLVCK)","Adekunle Gold PS/ Def Jam",43,154,24,"90568"
151,"spotify:track:6nK5Zt2RI6xqEaU8CgMojZ","Mohbad","La Pio Pio","Imolenization",25,146,18,"89510"
152,"spotify:track:78QR3Wp35dqAhFEc2qAGjE","Lil Baby, Gunna","Drip Too Hard (Lil Baby & Gunna)","Quality Control Music/Young Stoner Life Records, a 300 Entertainment Label/Motown Records/Capitol Records",75,167,78,"89234"
153,"spotify:track:4LOd05CKYkYe08idPgp7wy","Ayox, Zlatan","Walking Dead","The LV LLC/GProduction",9,143,17,"89093"
154,"spotify:track:320cXn7htYGuAzNyxLDs3M","Gyakie","Rent Free","SM Entertainment West Africa Limited",154,189,2,"88631"
155,"spotify:track:3XqM8hLCEYlbnFjoWwqtFv","Chris Brown","Angel Numbers / Ten Toes","Chris Brown Entertainment/RCA Records",130,-1,5,"88015"
156,"spotify:track:1deimiQlzca70jziGDtTsm","Tiwa Savage","Pick Up","Everything Savage",41,138,31,"86186"
157,"spotify:track:4hbadZZrbM08KZIQZomWaI","Tems","Not An Angel","RCA Records/Since 93'",50,147,5,"85900"
158,"spotify:track:6T7FXSuXykeGktMLGp8WgE","Lil Durk, J. Cole","All My Life (feat. J. Cole)","Alamo",1,149,35,"85708"
159,"spotify:track:0CUJV0Hh512Ns7U2yGflqt","Asake","Ototo","YBNL Nation / EMPIRE",7,159,71,"85621"
160,"spotify:track:5hU61pgNrTLnAdJORwv5Nd","Evil Beast, Tega Boi Dc","Sere (feat. Tega boi dc)","Dvpper Music",47,156,17,"85507"
161,"spotify:track:1IdrHVSNvLJLu2WCqsmDcB","Wande Coal, Olamide","Kpe Paso","Starstruck Management / EMPIRE",8,176,50,"85473"
162,"spotify:track:3DmBkPi3DjThsopnHVt2cA","Fireboy DML","obaa sima","YBNL Nation / EMPIRE",38,152,5,"84893"
163,"spotify:track:7EeZuxPhKcHu6awLk7s5c0","Ebuka Songs","I will pray","TRIBE OF EBUKA SONGS",124,177,43,"84859"
164,"spotify:track:2AaZJAh9FifPCQdba87Hzr","Joeboy","Body & Soul","emPawa Africa Limited",11,161,49,"84681"
165,"spotify:track:6kq3Twa8T9Rf9nxpf111hx","Seyi Vibez","Hat-trick","Vibez Inc / Dvpper Music",3,168,33,"84648"
166,"spotify:track:2qfFETjWq7OFoVOkpDNEHP","Burna Boy","Normal","Spaceship/ Bad Habit/Atlantic Records",7,174,20,"84175"
167,"spotify:track:19fCpJYZVtBKyOtIvEnDv0","Rema","Don't Leave","Mavin Records / Jonzing World",5,150,11,"83944"
168,"spotify:track:7wMYtt3SEquaep8sWCdQqp","Khaid","Jolie","NEVILLE RECORDS",7,153,51,"82818"
169,"spotify:track:5c1rWQAa8GX8LgCC9h3d1N","Qing Madi","American Love","Bu Vision",169,-1,1,"82388"
170,"spotify:track:4tvoZzMGhx23HAlS5GUVCa","ODUMODUBLVCK, Blaqbonez","TESLA BOY (feat. Blaqbonez)","Native Sounds/Def Jam PS",19,178,14,"82207"
171,"spotify:track:1YQAHol95T2hkZISywS0VO","Blaqbonez, Black Sherif","ROAD RUNNERS (feat. Black Sherif)","Chocolate City Music",28,171,11,"81693"
172,"spotify:track:59Q08Ev4B4EtRdSBmYzuB4","ODUMODUBLVCK","ADAMMA BEKE","Native Sounds/Def Jam PS",13,160,14,"81659"
173,"spotify:track:0HaRLPnr887lcQM2YQzkff","Burna Boy, Ed Sheeran","For My Hand (feat. Ed Sheeran)","Spaceship/ Bad Habit/Atlantic Records",1,179,79,"81646"
174,"spotify:track:6pKrwKfT1IUq6GvO7xtlIW","Ebuka Songs","Calling My Name (I'm A Soldier) - Live","Spotlite Nation",144,169,10,"81276"
175,"spotify:track:0pLx3RsHPmZnD90h2yaL8V","Davido, The Cavemen., Angelique Kidjo","NA MONEY (feat. The Cavemen. & Angélique Kidjo)","Columbia",7,155,28,"78967"
176,"spotify:track:3IQT2MM49GkXfHF9eemaw5","Victony, Tempoe","Soweto","Encore Recordings",5,182,62,"78900"
177,"spotify:track:0AoBY2Y3qs6dtGgOD6c91N","Burna Boy","Alone","Roc Nation/Def Jam/Hollywood",9,193,62,"78663"
178,"spotify:track:1DrfpnLvbwndPScRLwbUE0","Kizz Daniel","Pour Me Water","FlyBoy INC / EMPIRE",42,158,78,"78425"
179,"spotify:track:5YEVBJnnt2qMM67NGCjEdV","Oxlade, Dave","INTOXYCATED","Troniq Inc",11,187,25,"78328"
180,"spotify:track:30vg5dgv2jtW6LCjgLnRSd","Vector, GoodGirl LA","Early Momo","GRAP Entertainment Limited",90,183,57,"78295"
181,"spotify:track:65v99AWZyNz3aRmfrT2I7N","Omah Lay","i'm a mess","KeyQaad/Sire Records",10,186,78,"77805"
182,"spotify:track:2bKcKMDU9JHtLJ8xeHR46X","Bella Shmurda","My Brother","Dangbana Republik",3,173,14,"77624"
183,"spotify:track:0u2P5u6lvoDfwTYjAADbn4","Billie Eilish, Khalid","lovely (with Khalid)","Darkroom",138,199,74,"77563"
184,"spotify:track:3r256b0OBDc0Shy4rhmbX5","Sarkodie","Otan","Wahoo Music",184,-1,1,"77263"
185,"spotify:track:1KCCxeit3q5wJXxDmRgbl3","Davido","OVER DEM","Columbia",1,164,41,"77178"
186,"spotify:track:3Yr0vIcfXq5MWdSDmZzKgk","Asake","Sunshine","YBNL Nation / EMPIRE",4,162,30,"76582"
187,"spotify:track:1VxjsBmtDT2Vmhr6YpW9G2","Soundz","Attention","AfroNext Ent LLC",161,-1,3,"76433"
188,"spotify:track:2FG5oQXJdQC5taNJxTvFKb","ODUMODUBLVCK, Reeplay, Duncan Mighty","BADMAN BOUNCE (feat. Reeplay and Duncan Mighty)","Native Sounds/Def Jam PS",29,181,6,"76293"
189,"spotify:track:5wsPKdpDvBZ0j9Gy9hfk0O","Peruzzi, ODUMODUBLVCK","Nsogbu","Peruzzi, with exclusive license to ONErpm",119,163,3,"76240"
190,"spotify:track:4rPaeHBlWY8MIruSNe5yZl","Rybeena","Id.Me","Dvpper Digital",84,-1,9,"76019"
191,"spotify:track:2eAvDnpXP5W0cVtiI0PUxV","Ruth B.","Dandelions","Columbia",140,-1,63,"75728"
192,"spotify:track:6rvxgmw3QQlUg03Ptda1Yl","Shallipopi","More Than Me","Dvpper Digital",42,166,9,"75308"
193,"spotify:track:5LStddl40gGuqZlDjSkoU1","ODUMODUBLVCK","HAMMER TIME","Native Sounds/Def Jam PS",58,198,13,"75105"
194,"spotify:track:5hVjoL3sHepZROri63wBxP","Burna Boy","It's Plenty","Spaceship/ Bad Habit/Atlantic Records",2,184,78,"75031"
195,"spotify:track:4VanaQ2X3B4k3WBSFkgWca","Seyi Vibez","Hushpuppi","Vibez Inc / Dvpper Music",22,-1,19,"74942"
196,"spotify:track:3SYsWlqIe7fL0PJc0rpMeC","Burna Boy","On Form","Spaceship/ Bad Habit/Atlantic Records",5,188,20,"74525"
197,"spotify:track:7nr3wqDwJkiSDbcbct67Um","Tega Boi Dc, Shallipopi","Child's Play","Dvpper Digital",31,165,10,"74474"
198,"spotify:track:1Lyo0G6hpTjWfWi8zjd9Wz","Victony","My Darling","Encore Recordings",31,180,16,"74423"
199,"spotify:track:5PyDJG7SQRgWXefgexqIge","Doja Cat","Agora Hills","Kemosabe Records/RCA Records",144,197,11,"73271"
200,"spotify:track:5jLBhr4USswMtmsItEAFqf","Qing Madi","Vision","Bu Vision",200,-1,1,"73107"
